Workbook

Sheet 현황대시보드
B1: 간병서비스 현황 대시보드
B3: ■ 신청 현황 (건) | E3: ■ 미수금 현황 (원)
B4: 총 신청건수 | C4: =COUNTA('간병신청대장'!$A$2:$A$99979) -> 280 | E4: 입금확인 금액 | F4: =SUM('보험청구'!$I:$I) -> 407300000
B5: 완료 | C5: =COUNTIF('간병신청대장'!$W:$W,"완료") -> 216 | E5: 미확인 청구건수 | F5: =COUNTIF('보험청구'!$K:$K,"미확인") -> 119
B6: 진행중 | C6: =COUNTIF('간병신청대장'!$W:$W,"진행중") -> 34 | E6: 추정 미수금 (단가 142,000 기본) | F6: =SUM('보험청구'!$L:$L) -> 127281000
B7: 예정 | C7: =COUNTIF('간병신청대장'!$W:$W,"예정") -> 4 | E7: 총 간병비 지급액 | F7: =SUM('간병비지급'!$I:$I) -> 515206917
B8: 취소 | C8: =COUNTIF('간병신청대장'!$W:$W,"*취소*") -> 24
E9: ■ 미청구 현황 (건)
E10: 미청구(완료·무청구) | F10: =COUNTIF('간병신청대장'!$AG:$AG,"미청구(완료*") -> 2
B11: ■ 간병인 배정 | E11: 미청구(청구지연·진행중) | F11: =COUNTIF('간병신청대장'!$AG:$AG,"미청구(청구지연)") -> 1
B12: 총 배정 간병인 | C12: =COUNTA('간병인배정'!$A$2:$A$99999) -> 268 | E12: 미청구(청구시작안됨) | F12: =COUNTIF('간병신청대장'!$AG:$AG,"미청구(청구시작안됨)") -> 0
B13: 간병인 변경 건(2명+) | C13: =COUNTIF('간병신청대장'!$X$2:$X$225,">1") -> 4 | E13: 미청구 합계 | F13: =F10+F11+F12 -> 3
B16: ■ 원수사별 신청 건수
B17: 원수사 | C17: 건수
B18: 현대해상 | C18: =COUNTIF('간병신청대장'!$I:$I,"*현대해상*") -> 255
B19: 현대해상(SCOR) | C19: =COUNTIF('간병신청대장'!$I:$I,"*현대해상(SCOR)*") -> 34
B20: 삼성화재 | C20: =COUNTIF('간병신청대장'!$I:$I,"*삼성화재*") -> 25

Sheet 보험청구
A1: 청구ID | B1: 신청ID | C1: 고객명 | D1: 회차 | E1: 기준일 | F1: 청구일 | G1: 일수 | H1: 단가 | I1: 입금확인금액 | J1: 단가구분 | K1: 입금확인여부 | L1: 추정미수금 | M1: 보상팀확인 | N1: 비고 | P1: 1584000 | Q1: =P1/124000 -> 12.774194 | R1: =P1/129000 -> 12.27907 | S1: =P1/135000 -> 11.733333 | T1: =P1/140000 -> 11.314286 | U1: =P1/144000 -> 11 | V1: =P1/86000 -> 18.418605 | W1: =P1/155000 -> 10.219355 | X1: =P1/169000 -> 9.3727811
A2: Q0001 | B2: C0005 | C2: {=IFERROR(INDEX('간병신청대장'!$B:$B,MATCH($B2,'간병신청대장'!$A:$A,0)),"")} -> 엄정현 | D2: 4월 1차 | E2: 2026.03.13 | F2: 2026.07.15 | G2: 10 | H2: 144000 | J2: 확인 | K2: 미확인 | L2: =IF($K2="미확인",IF($G2="",0,$G2*$H2),0) -> 1440000 | M2: 입금예정 | N2: 8월 25일 곽주호손해사정인 통화-> 입금 못했다고 인정, 확인 후 입금하겠다고 함
A3: Q0002 | B3: C0005 | C3: {=IFERROR(INDEX('간병신청대장'!$B:$B,MATCH($B3,'간병신청대장'!$A:$A,0)),"")} -> 엄정현 | D3: 7월 2차 | E3: 2026.07.20 | F3: 2026.07.15 | G3: 38 | H3: 144000 | J3: 확인 | K3: 미확인 | L3: =IF($K3="미확인",IF($G3="",0,$G3*$H3),0) -> 5472000 | M3: 입금예정 | N3: 8월 25일 곽주호손해사정인 통화-> 입금 못했다고 인정, 확인 후 입금하겠다고 함
A4: Q0003 | B4: C0006 | C4: {=IFERROR(INDEX('간병신청대장'!$B:$B,MATCH($B4,'간병신청대장'!$A:$A,0)),"")} -> 엄정현 | D4: 4월 1차 | E4: 2026.03.13 | F4: 2026.07.15 | G4: 10 | H4: 144000 | J4: 확인 | K4: 미확인 | L4: =IF($K4="미확인",IF($G4="",0,$G4*$H4),0) -> 1440000 | M4: 입금예정 | N4: 8월 25일 곽주호손해사정인 통화-> 입금 못했다고 인정, 확인 후 입금하겠다고 함
A5: Q0004 | B5: C0008 | C5: {=IFERROR(INDEX('간병신청대장'!$B:$B,MATCH($B5,'간병신청대장'!$A:$A,0)),"")} -> 류미선 | D5: 4월 1차 | E5: 2026.04.29 | G5: 1 | H5: 86000 | I5: =G5*H5 -> 86000 | J5: 확인 | K5: 입금확인 | L5: =IF($K5="미확인",IF($G5="",0,$G5*$H5),0) -> 0 | N5: 8월 25일 이선연 손해사정인 통화-> 4월30일 우리은행 계좌 95,000원 입금 확인
A6: Q0005 | B6: C0010 | C6: {=IFERROR(INDEX('간병신청대장'!$B:$B,MATCH($B6,'간병신청대장'!$A:$A,0)),"")} -> 김미영 | D6: 5월 1차 | E6: 2026.03.30 12:00 | F6: 2026.06.18 | G6: 4 | H6: 86000 | I6: =G6*H6 -> 344000 | J6: 확인 | K6: 입금확인 | L6: =IF($K6="미확인",IF($G6="",0,$G6*$H6),0) -> 0
A7: Q0006 | B7: C0011 | C7: {=IFERROR(INDEX('간병신청대장'!$B:$B,MATCH($B7,'간병신청대장'!$A:$A,0)),"")} -> 김미영 | D7: 5월 1차 | E7: 2026.04.02 | F7: 2026.06.18 | G7: 4 | H7: 155000 | I7: =G7*H7 -> 620000 | J7: 확인 | K7: 입금확인 | L7: =IF($K7="미확인",IF($G7="",0,$G7*$H7),0) -> 0
A8: Q0007 | B8: C0012 | C8: {=IFERROR(INDEX('간병신청대장'!$B:$B,MATCH($B8,'간병신청대장'!$A:$A,0)),"")} -> 성정주 | D8: 4월 1차 | E8: 2026.04.10 16:00 | F8: 2026.04.10 | G8: 9 | H8: 135000 | I8: 1215000 | J8: 확인 | K8: 입금확인 | L8: =IF($K8="미확인",IF($G8="",0,$G8*$H8),0) -> 0
A9: Q0008 | B9: C0012 | C9: {=IFERROR(INDEX('간병신청대장'!$B:$B,MATCH($B9,'간병신청대장'!$A:$A,0)),"")} -> 성정주 | D9: 4월 2차 | E9: 2026.04.20 16:00 | F9: 2026.04.22 | G9: 10 | H9: 135000 | I9: 1350000 | J9: 확인 | K9: 입금확인 | L9: =IF($K9="미확인",IF($G9="",0,$G9*$H9),0) -> 0
A10: Q0009 | B10: C0012 | C10: {=IFERROR(INDEX('간병신청대장'!$B:$B,MATCH($B10,'간병신청대장'!$A:$A,0)),"")} -> 성정주 | D10: 4월 3차 | E10: 2026.04.30 16:00 | F10: 2026.04.30 | G10: 10 | H10: 135000 | I10: 1350000 | J10: 확인 | K10: 입금확인 | L10: =IF($K10="미확인",IF($G10="",0,$G10*$H10),0) -> 0
A11: Q0010 | B11: C0012 | C11: {=IFERROR(INDEX('간병신청대장'!$B:$B,MATCH($B11,'간병신청대장'!$A:$A,0)),"")} -> 성정주 | D11: 5월 1차 | E11: 2026.05.10 16:00 | F11: 2026.05.11 | G11: 10 | H11: 135000 | I11: 1350000 | J11: 확인 | K11: 입금확인 | L11: =IF($K11="미확인",IF($G11="",0,$G11*$H11),0) -> 0
A12: Q0011 | B12: C0012 | C12: {=IFERROR(INDEX('간병신청대장'!$B:$B,MATCH($B12,'간병신청대장'!$A:$A,0)),"")} -> 성정주 | D12: 5월 2차 | E12: 2026.05.20 16:00 | F12: 2026.05.20 | G12: 10 | H12: 135000 | I12: 1350000 | J12: 확인 | K12: 입금확인 | L12: =IF($K12="미확인",IF($G12="",0,$G12*$H12),0) -> 0
A13: Q0012 | B13: C0012 | C13: {=IFERROR(INDEX('간병신청대장'!$B:$B,MATCH($B13,'간병신청대장'!$A:$A,0)),"")} -> 성정주 | D13: 5월 3차 | E13: 2026.05.31 16:00 | F13: 2026.05.31 | G13: 11 | H13: 135000 | I13: 1485000 | J13: 확인 | K13: 입금확인 | L13: =IF($K13="미확인",IF($G13="",0,$G13*$H13),0) -> 0
A14: Q0013 | B14: C0012 | C14: {=IFERROR(INDEX('간병신청대장'!$B:$B,MATCH($B14,'간병신청대장'!$A:$A,0)),"")} -> 성정주 | D14: 6월 1차 | E14: 2026.06.10 16:00 | F14: 2026.06.10 | G14: 10 | H14: 135000 | I14: 1350000 | J14: 확인 | K14: 입금확인 | L14: =IF($K14="미확인",IF($G14="",0,$G14*$H14),0) -> 0
A15: Q0014 | B15: C0012 | C15: {=IFERROR(INDEX('간병신청대장'!$B:$B,MATCH($B15,'간병신청대장'!$A:$A,0)),"")} -> 성정주 | D15: 6월 2차 | E15: 2026.06.13 10:00 | F15: 2026.06.15 | G15: 3 | H15: 135000 | I15: 405000 | J15: 확인 | K15: 입금확인 | L15: =IF($K15="미확인",IF($G15="",0,$G15*$H15),0) -> 0
A16: Q0015 | B16: C0013 | C16: {=IFERROR(INDEX('간병신청대장'!$B:$B,MATCH($B16,'간병신청대장'!$A:$A,0)),"")} -> 김순년 | D16: 4월 1차 | E16: 2026.04.04 12:00 | F16: 2026.04.14 | G16: 3 | H16: 129000 | I16: 387000 | J16: 확인 | K16: 입금확인 | L16: =IF($K16="미확인",IF($G16="",0,$G16*$H16),0) -> 0
A17: Q0016 | B17: C0014 | C17: {=IFERROR(INDEX('간병신청대장'!$B:$B,MATCH($B17,'간병신청대장'!$A:$A,0)),"")} -> 차정옥 | D17: 4월 1차 | E17: 2026.04.10 06:40 | F17: 2026.04.10 | G17: 9 | H17: 129000 | I17: 1161000 | J17: 확인 | K17: 입금확인 | L17: =IF($K17="미확인",IF($G17="",0,$G17*$H17),0) -> 0
A18: Q0017 | B18: C0014 | C18: {=IFERROR(INDEX('간병신청대장'!$B:$B,MATCH($B18,'간병신청대장'!$A:$A,0)),"")} -> 차정옥 | D18: 4월 2차 | E18: 2026.04.20 06:40 | F18: 2026.04.22 | G18: 10 | H18: 129000 | I18: 1290000 | J18: 확인 | K18: 입금확인 | L18: =IF($K18="미확인",IF($G18="",0,$G18*$H18),0) -> 0
A19: Q0018 | B19: C0014 | C19: {=IFERROR(INDEX('간병신청대장'!$B:$B,MATCH($B19,'간병신청대장'!$A:$A,0)),"")} -> 차정옥 | D19: 4월 3차 | E19: 2026.04.30 06:40 | F19: 2026.04.30 | G19: 10 | H19: 129000 | I19: 1290000 | J19: 확인 | K19: 입금확인 | L19: =IF($K19="미확인",IF($G19="",0,$G19*$H19),0) -> 0
... A22: Q0021 | B22: C0014 | C22: {=IFERROR(INDEX('간병신청대장'!$B:$B,MATCH($B22,'간병신청대장'!$A:$A,0)),"")} -> 차정옥 | D22: 5월 3차 | E22: 2026.05.31 06:40 | F22: 2026.05.31 | G22: 11 | H22: 129000 | I22: 1419000 | J22: 확인 | K22: 입금확인 | L22: =IF($K22="미확인",IF($G22="",0,$G22*$H22),0) -> 0
A23: Q0022 | B23: C0015 | C23: {=IFERROR(INDEX('간병신청대장'!$B:$B,MATCH($B23,'간병신청대장'!$A:$A,0)),"")} -> 이춘자 | D23: 4월 1차 | E23: 2026.04.10 08:00 | F23: 2026.04.14 | G23: 9 | H23: 142000 | J23: 추정(기본142,000) | K23: 미확인 | L23: =IF($K23="미확인",IF($G23="",0,$G23*$H23),0) -> 1278000 | M23: 입금예정 | N23: 8월 25일 황상하 손해사정인 통화-> 6월 8일 마지막 청구일 확인-> 정리하고 연락주겠다고 함
A24: Q0023 | B24: C0015 | C24: {=IFERROR(INDEX('간병신청대장'!$B:$B,MATCH($B24,'간병신청대장'!$A:$A,0)),"")} -> 이춘자 | D24: 4월 2차 | E24: 2026.04.20 08:00 | F24: 2026.04.22 | G24: 10 | H24: 142000 | J24: 추정(기본142,000) | K24: 미확인 | L24: =IF($K24="미확인",IF($G24="",0,$G24*$H24),0) -> 1420000 | M24: 입금예정 | N24: 8월 25일 황상하 손해사정인 통화-> 6월 8일 마지막 청구일 확인-> 정리하고 연락주겠다고 함
A25: Q0024 | B25: C0015 | C25: {=IFERROR(INDEX('간병신청대장'!$B:$B,MATCH($B25,'간병신청대장'!$A:$A,0)),"")} -> 이춘자 | D25: 4월 3차 | E25: 2026.04.30 08:00 | F25: 2026.04.30 | G25: 10 | H25: 142000 | J25: 추정(기본142,000) | K25: 미확인 | L25: =IF($K25="미확인",IF($G25="",0,$G25*$H25),0) -> 1420000 | M25: 입금예정 | N25: 8월 25일 황상하 손해사정인 통화-> 6월 8일 마지막 청구일 확인-> 정리하고 연락주겠다고 함
A26: Q0025 | B26: C0015 | C26: {=IFERROR(INDEX('간병신청대장'!$B:$B,MATCH($B26,'간병신청대장'!$A:$A,0)),"")} -> 이춘자 | D26: 5월 1차 | E26: 2026.05.10 08:00 | F26: 2026.05.11 | G26: 10 | H26: 142000 | J26: 추정(기본142,000) | K26: 미확인 | L26: =IF($K26="미확인",IF($G26="",0,$G26*$H26),0) -> 1420000 | M26: 입금예정 | N26: 8월 25일 황상하 손해사정인 통화-> 6월 8일 마지막 청구일 확인-> 정리하고 연락주겠다고 함
A27: Q0026 | B27: C0015 | C27: {=IFERROR(INDEX('간병신청대장'!$B:$B,MATCH($B27,'간병신청대장'!$A:$A,0)),"")} -> 이춘자 | D27: 5월 2차 | E27: 2026.05.20 08:00 | F27: 2026.05.20 | G27: 10 | H27: 142000 | J27: 추정(기본142,000) | K27: 미확인 | L27: =IF($K27="미확인",IF($G27="",0,$G27*$H27),0) -> 1420000 | M27: 입금예정 | N27: 8월 25일 황상하 손해사정인 통화-> 6월 8일 마지막 청구일 확인-> 정리하고 연락주겠다고 함
A28: Q0027 | B28: C0015 | C28: {=IFERROR(INDEX('간병신청대장'!$B:$B,MATCH($B28,'간병신청대장'!$A:$A,0)),"")} -> 이춘자 | D28: 5월 3차 | E28: 2026.05.31 08:00 | F28: 2026.05.31 | G28: 11 | H28: 142000 | J28: 추정(기본142,000) | K28: 미확인 | L28: =IF($K28="미확인",IF($G28="",0,$G28*$H28),0) -> 1562000 | M28: 입금예정 | N28: 8월 25일 황상하 손해사정인 통화-> 6월 8일 마지막 청구일 확인-> 정리하고 연락주겠다고 함
A29: Q0028 | B29: C0015 | C29: {=IFERROR(INDEX('간병신청대장'!$B:$B,MATCH($B29,'간병신청대장'!$A:$A,0)),"")} -> 이춘자 | D29: 6월 1차 | E29: 2026.06.08 15:00 | F29: 2026.06.08 | G29: 9 | H29: 142000 | J29: 추정(기본142,000) | K29: 미확인 | L29: =IF($K29="미확인",IF($G29="",0,$G29*$H29),0) -> 1278000 | M29: 입금예정 | N29: 8월31일 황상하 재통화-> 회사 변경(케어닥-> 리본케어)으로 시간 소요됨, 곧 정리해서 입금 할 예정 09.16 재통화 : 금주중으로 처리 예정
A30: Q0029 | B30: C0017 | C30: {=IFERROR(INDEX('간병신청대장'!$B:$B,MATCH($B30,'간병신청대장'!$A:$A,0)),"")} -> 심윤주 | D30: 4월 1차 | E30: 2026.04.10 07:00 | F30: 2026.04.10 | G30: 9 | H30: 124000 | I30: 1116000 | J30: 확인 | K30: 입금확인 | L30: =IF($K30="미확인",IF($G30="",0,$G30*$H30),0) -> 0
A31: Q0030 | B31: C0017 | C31: {=IFERROR(INDEX('간병신청대장'!$B:$B,MATCH($B31,'간병신청대장'!$A:$A,0)),"")} -> 심윤주 | D31: 4월 2차 | E31: 2026.04.20 07:00 | F31: 2026.04.22 | G31: 10 | H31: 124000 | I31: 1240000 | J31: 확인 | K31: 입금확인 | L31: =IF($K31="미확인",IF($G31="",0,$G31*$H31),0) -> 0
A32: Q0031 | B32: C0017 | C32: {=IFERROR(INDEX('간병신청대장'!$B:$B,MATCH($B32,'간병신청대장'!$A:$A,0)),"")} -> 심윤주 | D32: 4월 3차 | E32: 2026.04.30 07:00 | F32: 2026.04.30 | G32: 10 | H32: 124000 | I32: 1240000 | J32: 확인 | K32: 입금확인 | L32: =IF($K32="미확인",IF($G32="",0,$G32*$H32),0) -> 0
A33: Q0032 | B33: C0017 | C33: {=IFERROR(INDEX('간병신청대장'!$B:$B,MATCH($B33,'간병신청대장'!$A:$A,0)),"")} -> 심윤주 | D33: 5월 1차 | E33: 2026.05.10 07:00 | F33: 2026.05.11 | G33: 10 | H33: 124000 | I33: 1240000 | J33: 확인 | K33: 입금확인 | L33: =IF($K33="미확인",IF($G33="",0,$G33*$H33),0) -> 0
A34: Q0033 | B34: C0017 | C34: {=IFERROR(INDEX('간병신청대장'!$B:$B,MATCH($B34,'간병신청대장'!$A:$A,0)),"")} -> 심윤주 | D34: 5월 2차 | E34: 2026.05.20 07:00 | F34: 2026.05.20 | G34: 10 | H34: 124000 | I34: 1240000 | J34: 확인 | K34: 입금확인 | L34: =IF($K34="미확인",IF($G34="",0,$G34*$H34),0) -> 0
A35: Q0034 | B35: C0017 | C35: {=IFERROR(INDEX('간병신청대장'!$B:$B,MATCH($B35,'간병신청대장'!$A:$A,0)),"")} -> 심윤주 | D35: 5월 3차 | E35: 2026.05.31 07:00 | F35: 2026.05.31 | G35: 11 | H35: 124000 | I35: 1364000 | J35: 확인 | K35: 입금확인 | L35: =IF($K35="미확인",IF($G35="",0,$G35*$H35),0) -> 0
A36: Q0035 | B36: C0017 | C36: {=IFERROR(INDEX('간병신청대장'!$B:$B,MATCH($B36,'간병신청대장'!$A:$A,0)),"")} -> 심윤주 | D36: 6월 1차 | E36: 2026.06.10 07:00 | F36: 2026.06.10 | G36: 10 | H36: 124000 | I36: 1240000 | J36: 확인 | K36: 입금확인 | L36: =IF($K36="미확인",IF($G36="",0,$G36*$H36),0) -> 0
A37: Q0036 | B37: C0017 | C37: {=IFERROR(INDEX('간병신청대장'!$B:$B,MATCH($B37,'간병신청대장'!$A:$A,0)),"")} -> 심윤주 | D37: 6월 2차 | E37: 2026.06.20 07:00 | F37: 2026.06.20 | G37: 10 | H37: 124000 | I37: 1240000 | J37: 확인 | K37: 입금확인 | L37: =IF($K37="미확인",IF($G37="",0,$G37*$H37),0) -> 0
A38: Q0037 | B38: C0017 | C38: {=IFERROR(INDEX('간병신청대장'!$B:$B,MATCH($B38,'간병신청대장'!$A:$A,0)),"")} -> 심윤주 | D38: 6월 3차 | E38: 2026.06.30 07:00 | F38: 2026.06.30 | G38: 10 | H38: 124000 | I38: 1240000 | J38: 확인 | K38: 입금확인 | L38: =IF($K38="미확인",IF($G38="",0,$G38*$H38),0) -> 0
A39: Q0038 | B39: C0017 | C39: {=IFERROR(INDEX('간병신청대장'!$B:$B,MATCH($B39,'간병신청대장'!$A:$A,0)),"")} -> 심윤주 | D39: 7월 1차 | E39: 2026.07.10 07:00 | F39: 2026.07.10 | G39: 10 | H39: 124000 | J39: 확인 | K39: 미확인 | L39: =IF($K39="미확인",IF($G39="",0,$G39*$H39),0) -> 1240000 | M39: 확인중 | N39: 6월30일 부터 7월 10일 건은 케어닥으로 입금 오늘 처리 완료후 문자 확인하기로함 09.18 : 케어닥에서 아직 미처리 상태, 확인 후 회신
A40: Q0039 | B40: C0017 | C40: {=IFERROR(INDEX('간병신청대장'!$B:$B,MATCH($B40,'간병신청대장'!$A:$A,0)),"")} -> 심윤주 | D40: 7월 2차 | E40: 2026.07.20 07:00 | F40: 2026.07.20 | G40: 10 | H40: 124000 | I40: =G40*H40 -> 1240000 | J40: 확인 | K40: 입금확인 | L40: =IF($K40="미확인",IF($G40="",0,$G40*$H40),0) -> 0 | N40: 8월 25일 김민정 손해사정인 통화-> 확인 후 연락하겠다고 함
A41: Q0040 | B41: C0017 | C41: {=IFERROR(INDEX('간병신청대장'!$B:$B,MATCH($B41,'간병신청대장'!$A:$A,0)),"")} -> 심윤주 | D41: 7월 3차 | E41: 2026.07.31 07:00 | F41: 2026.07.31 | G41: 11 | H41: 124000 | I41: =G41*H41 -> 1364000 | J41: 확인 | K41: 입금확인 | L41: =IF($K41="미확인",IF($G41="",0,$G41*$H41),0) -> 0 | N41: 8월 10일 1360000 입금 14일 우리은행 확인 완료
A42: Q0041 | B42: C0017 | C42: {=IFERROR(INDEX('간병신청대장'!$B:$B,MATCH($B42,'간병신청대장'!$A:$A,0)),"")} -> 심윤주 | D42: 8월 1차 | E42: 2026.08.10 07:00 | F42: 2026.08.10 | G42: 10 | H42: 124000 | I42: =G42*H42 -> 1240000 | J42: 확인 | K42: 입금확인 | L42: =IF($K42="미확인",IF($G42="",0,$G42*$H42),0) -> 0 | N42: 8월 25일 김민정 손해사정인 통화-> 확인 후 연락하겠다고 함
A43: Q0042 | B43: C0018 | C43: {=IFERROR(INDEX('간병신청대장'!$B:$B,MATCH($B43,'간병신청대장'!$A:$A,0)),"")} -> 김진선 | D43: 4월 1차 | E43: 2026.04.06 12:00 | F43: 2026.04.15 | G43: 6 | H43: 144000 | I43: 864000 | J43: 확인 | K43: 입금확인 | L43: =IF($K43="미확인",IF($G43="",0,$G43*$H43),0) -> 0
A44: Q0043 | B44: C0019 | C44: {=IFERROR(INDEX('간병신청대장'!$B:$B,MATCH($B44,'간병신청대장'!$A:$A,0)),"")} -> 김진선 | D44: 4월 1차 | E44: 2026.04.12 15:00 | F44: 2026.04.15 | G44: 6 | H44: 144000 | I44: 864000 | J44: 확인 | K44: 입금확인 | L44: =IF($K44="미확인",IF($G44="",0,$G44*$H44),0) -> 0
A45: Q0044 | B45: C0022 | C45: {=IFERROR(INDEX('간병신청대장'!$B:$B,MATCH($B45,'간병신청대장'!$A:$A,0)),"")} -> 김진선 | D45: 4월 2차 | E45: 2026.04.19 15:00 | F45: 2026.04.22 | G45: 7 | H45: 144000 | I45: 1008000 | J45: 확인 | K45: 입금확인 | L45: =IF($K45="미확인",IF($G45="",0,$G45*$H45),0) -> 0
A46: Q0045 | B46: C0022 | C46: {=IFERROR(INDEX('간병신청대장'!$B:$B,MATCH($B46,'간병신청대장'!$A:$A,0)),"")} -> 김진선 | D46: 4월 3차 | E46: 2026.05.20 15:00 | F46: 2026.06.09 | G46: 1 | H46: 144000 | I46: 144000 | J46: 확인 | K46: 입금확인 | L46: =IF($K46="미확인",IF($G46="",0,$G46*$H46),0) -> 0
A47: Q0046 | B47: C0023 | C47: {=IFERROR(INDEX('간병신청대장'!$B:$B,MATCH($B47,'간병신청대장'!$A:$A,0)),"")} -> 김진선 | D47: 4월 3차 | E47: 2026.04.24 15:00 | F47: 2026.04.30 | G47: 4 | H47: 144000 | I47: 576000 | J47: 확인 | K47: 입금확인 | L47: =IF($K47="미확인",IF($G47="",0,$G47*$H47),0) -> 0
A48: Q0047 | B48: C0024 | C48: {=IFERROR(INDEX('간병신청대장'!$B:$B,MATCH($B48,'간병신청대장'!$A:$A,0)),"")} -> 김진선 | D48: 4월 3차 | E48: 2026.04.30 15:00 | F48: 2026.04.30 | G48: 6 | H48: 144000 | I48: 864000 | J48: 확인 | K48: 입금확인 | L48: =IF($K48="미확인",IF($G48="",0,$G48*$H48),0) -> 0
A49: Q0048 | B49: C0024 | C49: {=IFERROR(INDEX('간병신청대장'!$B:$B,MATCH($B49,'간병신청대장'!$A:$A,0)),"")} -> 김진선 | D49: 5월 1차 | E49: 2026.05.06 14:00 | F49: 2026.05.11 | G49: 6 | H49: 144000 | I49: 864000 | J49: 확인 | K49: 입금확인 | L49: =IF($K49="미확인",IF($G49="",0,$G49*$H49),0) -> 0
A50: Q0049 | B50: C0027 | C50: {=IFERROR(INDEX('간병신청대장'!$B:$B,MATCH($B50,'간병신청대장'!$A:$A,0)),"")} -> 권영술 | D50: 4월 1차 | E50: 2026.04.10.20:00 | F50: 2026.04.14 | G50: 9 | H50: 180666.67 | I50: 1626000 | J50: 확인 | K50: 입금확인 | L50: =IF($K50="미확인",IF($G50="",0,$G50*$H50),0) -> 0
A51: Q0050 | B51: C0029 | C51: {=IFERROR(INDEX('간병신청대장'!$B:$B,MATCH($B51,'간병신청대장'!$A:$A,0)),"")} -> 김진선 | D51: 5월 2차 | E51: 2025.05.20 15:00 | F51: 2026.05.28 | G51: 14 | H51: 144000 | I51: 2016000 | J51: 확인 | K51: 입금확인 | L51: =IF($K51="미확인",IF($G51="",0,$G51*$H51),0) -> 0
A52: Q0051 | B52: C0029 | C52: {=IFERROR(INDEX('간병신청대장'!$B:$B,MATCH($B52,'간병신청대장'!$A:$A,0)),"")} -> 김진선 | D52: 6월 1차 | E52: 2026.05.26 13:00 | F52: 2026.05.28 | G52: 6 | H52: 144000 | I52: 864000 | J52: 확인 | K52: 입금확인 | L52: =IF($K52="미확인",IF($G52="",0,$G52*$H52),0) -> 0
A53: Q0052 | B53: C0030 | C53: {=IFERROR(INDEX('간병신청대장'!$B:$B,MATCH($B53,'간병신청대장'!$A:$A,0)),"")} -> 김진선 | D53: 4월 1차 | F53: 2026.06.09 | G53: 5 | H53: 144000 | J53: 확인 | K53: 입금확인 | L53: =IF($K53="미확인",IF($G53="",0,$G53*$H53),0) -> 0 | N53: 4월6/5일지급. 4월12일6일지급/1건더청구건과 불일치 /대신 4월19일8건 지급 청구는 7일 하여 일치청구됨을 확인함,
A54: Q0053 | B54: C0030 | C54: {=IFERROR(INDEX('간병신청대장'!$B:$B,MATCH($B54,'간병신청대장'!$A:$A,0)),"")} -> 김진선 | D54: 6월 1차 | E54: 2026.06.02 13:00 | F54: 2026.06.09 | G54: 7 | H54: 144000 | I54: 1008000 | J54: 확인 | K54: 입금확인 | L54: =IF($K54="미확인",IF($G54="",0,$G54*$H54),0) -> 0
A55: Q0054 | B55: C0031 | C55: {=IFERROR(INDEX('간병신청대장'!$B:$B,MATCH($B55,'간병신청대장'!$A:$A,0)),"")} -> 김진선 | D55: 6월 1차 | E55: 2026.06.10 13:00 | F55: 2026.06.10 | G55: 8 | H55: 144000 | I55: 1152000 | J55: 확인 | K55: 입금확인 | L55: =IF($K55="미확인",IF($G55="",0,$G55*$H55),0) -> 0
A56: Q0055 | B56: C0031 | C56: {=IFERROR(INDEX('간병신청대장'!$B:$B,MATCH($B56,'간병신청대장'!$A:$A,0)),"")} -> 김진선 | D56: 6월 2차 | E56: 2026.06.15 15:00 | F56: 2026.06.16 | G56: 6 | H56: 144000 | I56: 864000 | J56: 확인 | K56: 입금확인 | L56: =IF($K56="미확인",IF($G56="",0,$G56*$H56),0) -> 0
A57: Q0056 | B57: C0032 | C57: {=IFERROR(INDEX('간병신청대장'!$B:$B,MATCH($B57,'간병신청대장'!$A:$A,0)),"")} -> 김진선 | D57: 6월 2차 | E57: 2026.06.19 15:00 | F57: 2026.06.19 | G57: 4 | H57: 144000 | I57: 576000 | J57: 확인 | K57: 입금확인 | L57: =IF($K57="미확인",IF($G57="",0,$G57*$H57),0) -> 0
A58: Q0057 | B58: C0033 | C58: {=IFERROR(INDEX('간병신청대장'!$B:$B,MATCH($B58,'간병신청대장'!$A:$A,0)),"")} -> 김진선 | D58: 6월 3차 | E58: 2026.06.30 10:00 | F58: 2026.06.30 | G58: 10 | H58: 144000 | I58: 1440000 | J58: 확인 | K58: 입금확인 | L58: =IF($K58="미확인",IF($G58="",0,$G58*$H58),0) -> 0
A59: Q0058 | B59: C0033 | C59: {=IFERROR(INDEX('간병신청대장'!$B:$B,MATCH($B59,'간병신청대장'!$A:$A,0)),"")} -> 김진선 | D59: 7월 1차 | E59: 2026.07.10 10:00 | F59: 2026.07.10 | G59: 10 | H59: 144000 | I59: =G59*H59 -> 1440000 | J59: 확인 | K59: 입금확인 | L59: =IF($K59="미확인",IF($G59="",0,$G59*$H59),0) -> 0 | N59: 8월 25일 이규섭 손해사정인 확인 -> 7월1일~8월6일 간병비 확인 후 입금하기로 함
A60: Q0059 | B60: C0033 | C60: {=IFERROR(INDEX('간병신청대장'!$B:$B,MATCH($B60,'간병신청대장'!$A:$A,0)),"")} -> 김진선 | D60: 7월 2차 | E60: 2026.07.14 10:00 | F60: 2026.07.14 | G60: 4 | H60: 144000 | I60: =G60*H60 -> 576000 | J60: 확인 | K60: 입금확인 | L60: =IF($K60="미확인",IF($G60="",0,$G60*$H60),0) -> 0 | N60: 8월 25일 이규섭 손해사정인 확인 -> 7월1일~8월6일 간병비 확인 후 입금하기로 함
A61: Q0060 | B61: C0034 | C61: {=IFERROR(INDEX('간병신청대장'!$B:$B,MATCH($B61,'간병신청대장'!$A:$A,0)),"")} -> 김진선 | D61: 7월 2차 | E61: 2026.07.20 10:00 | F61: 2026.07.20 | G61: 6 | H61: 144000 | I61: =G61*H61 -> 864000 | J61: 확인 | K61: 입금확인 | L61: =IF($K61="미확인",IF($G61="",0,$G61*$H61),0) -> 0 | N61: 8월 25일 이규섭 손해사정인 확인 -> 7월1일~8월6일 간병비 확인 후 입금하기로 함
A62: Q0061 | B62: C0034 | C62: {=IFERROR(INDEX('간병신청대장'!$B:$B,MATCH($B62,'간병신청대장'!$A:$A,0)),"")} -> 김진선 | D62: 7월 3차 | E62: 2026.07.28 10:00 | F62: 2026.07.28 | G62: 8 | H62: 144000 | I62: =G62*H62 -> 1152000 | J62: 확인 | K62: 입금확인 | L62: =IF($K62="미확인",IF($G62="",0,$G62*$H62),0) -> 0 | N62: 8월 25일 이규섭 손해사정인 확인 -> 7월1일~8월6일 간병비 확인 후 입금하기로 함
A63: Q0062 | B63: C0035 | C63: {=IFERROR(INDEX('간병신청대장'!$B:$B,MATCH($B63,'간병신청대장'!$A:$A,0)),"")} -> 김진선 | D63: 7월 3차 | E63: 2026.08.03 10:00 | F63: 2026.08.03 | G63: 6 | H63: 144000 | I63: =G63*H63 -> 864000 | J63: 확인 | K63: 입금확인 | L63: =IF($K63="미확인",IF($G63="",0,$G63*$H63),0) -> 0 | N63: 8월 25일 이규섭 손해사정인 확인 -> 7월1일~8월6일 간병비 확인 후 입금하기로 함
A64: Q0063 | B64: C0036 | C64: {=IFERROR(INDEX('간병신청대장'!$B:$B,MATCH($B64,'간병신청대장'!$A:$A,0)),"")} -> 김진선 | D64: 8월 1차 | E64: 2026.08.06 13:00 | F64: 2026.08.06 | G64: 4 | H64: 144000 | I64: =G64*H64 -> 576000 | J64: 확인 | K64: 입금확인 | L64: =IF($K64="미확인",IF($G64="",0,$G64*$H64),0) -> 0 | N64: 8월31일 이규섭 통화-> 6월9일(5/6~5/20) 2,016,706원, 7월1일(5/21~6/30) 5,904,000원, 8월25일(7/1~8/6) 5,328,000원 입금 확인
A65: Q0064 | B65: C0037 | C65: {=IFERROR(INDEX('간병신청대장'!$B:$B,MATCH($B65,'간병신청대장'!$A:$A,0)),"")} -> 권영술 | D65: 4월 2차 | E65: 2026.04.20 20:00 | F65: 2026.04.22 | G65: 11 | H65: 144000 | I65: 1584000 | J65: 확인 | K65: 입금확인 | L65: =IF($K65="미확인",IF($G65="",0,$G65*$H65),0) -> 0
A66: Q0065 | B66: C0037 | C66: {=IFERROR(INDEX('간병신청대장'!$B:$B,MATCH($B66,'간병신청대장'!$A:$A,0)),"")} -> 권영술 | D66: 4월 3차 | E66: 2026.04.30 20:00 | F66: 2026.04.30 | G66: 10 | H66: 111000 | I66: 1110000 | J66: 확인 | K66: 입금확인 | L66: =IF($K66="미확인",IF($G66="",0,$G66*$H66),0) -> 0
A67: Q0066 | B67: C0037 | C67: {=IFERROR(INDEX('간병신청대장'!$B:$B,MATCH($B67,'간병신청대장'!$A:$A,0)),"")} -> 권영술 | D67: 5월 1차 | E67: 2026.05.11 11:00 | F67: 2026.05.11 | G67: 11 | H67: 144000 | I67: 1584000 | J67: 확인 | K67: 입금확인 | L67: =IF($K67="미확인",IF($G67="",0,$G67*$H67),0) -> 0
A68: Q0067 | B68: C0038 | C68: {=IFERROR(INDEX('간병신청대장'!$B:$B,MATCH($B68,'간병신청대장'!$A:$A,0)),"")} -> 전남영 | D68: 4월 1차 | E68: 2026.04.10 12:00 | F68: 2026.04.15 | G68: 9 | H68: 135000 | I68: =G68*H68 -> 1215000 | J68: 확인 | K68: 입금확인 | L68: =IF($K68="미확인",IF($G68="",0,$G68*$H68),0) -> 0
A69: Q0068 | B69: C0038 | C69: {=IFERROR(INDEX('간병신청대장'!$B:$B,MATCH($B69,'간병신청대장'!$A:$A,0)),"")} -> 전남영 | D69: 4월 2차 | E69: 2026.04.20 12:00 | F69: 2026.04.22 | G69: 10 | H69: 135000 | I69: 1350000 | J69: 확인 | K69: 입금확인 | L69: =IF($K69="미확인",IF($G69="",0,$G69*$H69),0) -> 0
A70: Q0069 | B70: C0038 | C70: {=IFERROR(INDEX('간병신청대장'!$B:$B,MATCH($B70,'간병신청대장'!$A:$A,0)),"")} -> 전남영 | D70: 4월 3차 | E70: 2026.04.30 12:00 | F70: 2026.04.30 | G70: 10 | H70: 135000 | I70: 1350000 | J70: 확인 | K70: 입금확인 | L70: =IF($K70="미확인",IF($G70="",0,$G70*$H70),0) -> 0
A71: Q0070 | B71: C0038 | C71: {=IFERROR(INDEX('간병신청대장'!$B:$B,MATCH($B71,'간병신청대장'!$A:$A,0)),"")} -> 전남영 | D71: 5월 1차 | E71: 2026.05.10 12:00 | F71: 2026.05.11 | G71: 10 | H71: 135000 | I71: 1350000 | J71: 확인 | K71: 입금확인 | L71: =IF($K71="미확인",IF($G71="",0,$G71*$H71),0) -> 0
A72: Q0071 | B72: C0038 | C72: {=IFERROR(INDEX('간병신청대장'!$B:$B,MATCH($B72,'간병신청대장'!$A:$A,0)),"")} -> 전남영 | D72: 5월 2차 | E72: 2025.05.13 12:00 | F72: 2026.05.27 | G72: 3 | H72: 135000 | I72: 405000 | J72: 확인 | K72: 입금확인 | L72: =IF($K72="미확인",IF($G72="",0,$G72*$H72),0) -> 0
A73: Q0072 | B73: C0039 | C73: {=IFERROR(INDEX('간병신청대장'!$B:$B,MATCH($B73,'간병신청대장'!$A:$A,0)),"")} -> 전남영 | D73: 5월 2차 | E73: 2025.05.20 12:00 | F73: 2026.05.27 | G73: 7 | H73: 135000 | I73: 405000 | J73: 확인 | K73: 입금확인 | L73: =IF($K73="미확인",IF($G73="",0,$G73*$H73),0) -> 0 | N73: 실제 보험 청구일-> 4월15일 4월22일 4월30일 5월11일 5월27일 5월27일 5월29일 6월9일 6월29일 7월10일 7월20일-> 확인 필요
A74: Q0073 | B74: C0039 | C74: {=IFERROR(INDEX('간병신청대장'!$B:$B,MATCH($B74,'간병신청대장'!$A:$A,0)),"")} -> 전남영 | D74: 5월 3차 | E74: 2025.05.31 12:00 | F74: 2026.05.31 | G74: 11 | H74: 135000 | I74: 405000 | J74: 확인 | K74: 입금확인 | L74: =IF($K74="미확인",IF($G74="",0,$G74*$H74),0) -> 0 | N74: 4월28일 1,728,151 입금, 5월15일 3,312,290 입금, 5월28일 144,000 입금
A75: Q0074 | B75: C0039 | C75: {=IFERROR(INDEX('간병신청대장'!$B:$B,MATCH($B75,'간병신청대장'!$A:$A,0)),"")} -> 전남영 | D75: 6월 1차 | E75: 2026.06.10 12:00 | F75: 2026.06.10 | G75: 10 | H75: 135000 | I75: 405000 | J75: 확인 | K75: 입금확인 | L75: =IF($K75="미확인",IF($G75="",0,$G75*$H75),0) -> 0 | N75: 6월9일 2,016,706 입금-> 7,201,147원 입금(135,000원 기준 53일 분-> 좌측의 기록 상으로는 28일?)
A76: Q0075 | B76: C0039 | C76: {=IFERROR(INDEX('간병신청대장'!$B:$B,MATCH($B76,'간병신청대장'!$A:$A,0)),"")} -> 전남영 | D76: 6월 2차 | E76: 2026.06.19 10:00 | F76: 2026.06.19 | G76: 9 | H76: 135000 | I76: =G76*H76 -> 1215000 | J76: 확인 | K76: 입금확인 | L76: =IF($K76="미확인",IF($G76="",0,$G76*$H76),0) -> 0 | N76: 7월1일 1,215,000 입금(6.10~6.19) / 9일x135,000/일
A77: Q0076 | B77: C0040 | C77: {=IFERROR(INDEX('간병신청대장'!$B:$B,MATCH($B77,'간병신청대장'!$A:$A,0)),"")} -> 전남영 | D77: 7월 1차 | E77: 2026.07.10 14:00 | F77: 2026.07.10 | G77: 21 | H77: 135000 | I77: =G77*H77 -> 2835000 | J77: 확인 | K77: 입금확인 | N77: 7월14일 2,835,000 입금(6.20~7.10) / 21일x135,000/일
A78: Q0077 | B78: C0040 | C78: {=IFERROR(INDEX('간병신청대장'!$B:$B,MATCH($B78,'간병신청대장'!$A:$A,0)),"")} -> 전남영 | D78: 7월 2차 | E78: 2026.07.20 14:00 | F78: 2026.07.20 | G78: 10 | H78: 135000 | I78: =G78*H78 -> 1350000 | J78: 확인 | K78: 입금확인 | L78: =IF($K78="미확인",IF($G78="",0,$G78*$H78),0) -> 0 | N78: 7월23일 1,350,000 입금(7.10~7.20) / 10일x135,000/일
A79: Q0078 | B79: C0040 | C79: {=IFERROR(INDEX('간병신청대장'!$B:$B,MATCH($B79,'간병신청대장'!$A:$A,0)),"")} -> 전남영 | D79: 7월 3차 | E79: 2026.07.31 10:00 | F79: 2026.07.31 | G79: 11 | H79: 135000 | I79: =G79*H79 -> 1485000 | J79: 확인 | K79: 입금확인 | L79: =IF($K79="미확인",IF($G79="",0,$G79*$H79),0) -> 0 | N79: 8월7일 1,485,000 입금 / 11일x135,000/일
A80: Q0079 | B80: C0040 | C80: {=IFERROR(INDEX('간병신청대장'!$B:$B,MATCH($B80,'간병신청대장'!$A:$A,0)),"")} -> 전남영 | D80: 8월 1차 | E80: 2026.08.10 10:00 | F80: 2026.08.25 | G80: 10 | H80: 135000 | I80: =G80*H80 -> 1350000 | J80: 확인 | K80: 입금확인 | L80: =IF($K80="미확인",IF($G80="",0,$G80*$H80),0) -> 0 | N80: 8월11일 1,350,000 입금 / 10일x135,000/일 / 8월 25일 조채영 손해사정인 통화 총 15,436,147원 입금 확인. 지연이자 포함
A81: Q0080 | B81: C0041 | C81: {=IFERROR(INDEX('간병신청대장'!$B:$B,MATCH($B81,'간병신청대장'!$A:$A,0)),"")} -> 이성자 | D81: 4월 1차 | E81: 2026.04.10 12:00 | F81: 2026.04.15 | G81: 10 | H81: 135000 | I81: 1350000 | J81: 확인 | K81: 입금확인 | L81: =IF($K81="미확인",IF($G81="",0,$G81*$H81),0) -> 0
A82: Q0081 | B82: C0041 | C82: {=IFERROR(INDEX('간병신청대장'!$B:$B,MATCH($B82,'간병신청대장'!$A:$A,0)),"")} -> 이성자 | D82: 4월 2차 | E82: 2026.04.20 12:00 | F82: 2026.04.22 | G82: 10 | H82: 135000 | I82: 1350000 | J82: 확인 | K82: 입금확인 | L82: =IF($K82="미확인",IF($G82="",0,$G82*$H82),0) -> 0
A83: Q0082 | B83: C0041 | C83: {=IFERROR(INDEX('간병신청대장'!$B:$B,MATCH($B83,'간병신청대장'!$A:$A,0)),"")} -> 이성자 | D83: 4월 3차 | E83: 2026.05.01 12:00 | F83: 2026.05.01 | G83: 11 | H83: 135000 | I83: 1485000 | J83: 확인 | K83: 입금확인 | L83: =IF($K83="미확인",IF($G83="",0,$G83*$H83),0) -> 0
A84: Q0083 | B84: C0042 | C84: {=IFERROR(INDEX('간병신청대장'!$B:$B,MATCH($B84,'간병신청대장'!$A:$A,0)),"")} -> 이성자 | D84: 5월 1차 | E84: 2026.05.10 12:00 | F84: 2026.05.11 | G84: 4 | H84: 135000 | I84: 540000 | J84: 확인 | K84: 입금확인 | L84: =IF($K84="미확인",IF($G84="",0,$G84*$H84),0) -> 0
A85: Q0084 | B85: C0042 | C85: {=IFERROR(INDEX('간병신청대장'!$B:$B,MATCH($B85,'간병신청대장'!$A:$A,0)),"")} -> 이성자 | D85: 5월 2차 | E85: 2026.05.18 13:00 | F85: 2026.05.20 | G85: 8 | H85: 135000 | I85: 1080000 | J85: 확인 | K85: 입금확인 | L85: =IF($K85="미확인",IF($G85="",0,$G85*$H85),0) -> 0
A86: Q0085 | B86: C0043 | C86: {=IFERROR(INDEX('간병신청대장'!$B:$B,MATCH($B86,'간병신청대장'!$A:$A,0)),"")} -> 신용찬 | D86: 4월 2차 | E86: 2026.04.10 00:00 | F86: 2026.04.28 | G86: 9 | H86: 169000 | I86: 1521000 | J86: 확인 | K86: 입금확인 | L86: =IF($K86="미확인",IF($G86="",0,$G86*$H86),0) -> 0
A87: Q0086 | B87: C0043 | C87: {=IFERROR(INDEX('간병신청대장'!$B:$B,MATCH($B87,'간병신청대장'!$A:$A,0)),"")} -> 신용찬 | D87: 4월 3차 | E87: 2026.04.20 00:00 | F87: 2026.04.28 | G87: 10 | H87: 169000 | I87: 1690000 | J87: 확인 | K87: 입금확인 | L87: =IF($K87="미확인",IF($G87="",0,$G87*$H87),0) -> 0
A88: Q0087 | B88: C0043 | C88: {=IFERROR(INDEX('간병신청대장'!$B:$B,MATCH($B88,'간병신청대장'!$A:$A,0)),"")} -> 신용찬 | D88: 5월 1차 | E88: 2026.04.29 12:00 | F88: 2026.07.05 | G88: 10 | H88: 169000 | I88: 1690000 | J88: 확인 | K88: 입금확인 | L88: =IF($K88="미확인",IF($G88="",0,$G88*$H88),0) -> 0
A89: Q0088 | B89: C0045 | C89: {=IFERROR(INDEX('간병신청대장'!$B:$B,MATCH($B89,'간병신청대장'!$A:$A,0)),"")} -> 오죽삼 | D89: 4월 1차 | E89: 2026.04.10 15:30 | F89: 2026.04.15 | G89: 10 | H89: 144000 | I89: 1440000 | J89: 확인 | K89: 입금확인 | L89: =IF($K89="미확인",IF($G89="",0,$G89*$H89),0) -> 0
A90: Q0089 | B90: C0046 | C90: {=IFERROR(INDEX('간병신청대장'!$B:$B,MATCH($B90,'간병신청대장'!$A:$A,0)),"")} -> 박영희 | D90: 4월 1차 | E90: 2026.04.06 19:00 | F90: 2026.04.15 | G90: 6 | H90: 144000 | I90: 864000 | J90: 확인 | K90: 입금확인 | L90: =IF($K90="미확인",IF($G90="",0,$G90*$H90),0) -> 0
A91: Q0090 | B91: C0047 | C91: {=IFERROR(INDEX('간병신청대장'!$B:$B,MATCH($B91,'간병신청대장'!$A:$A,0)),"")} -> 조하랑 | D91: 4월 1차 | E91: 2026.04.03 12:00 | F91: 2026.04.15 | G91: 2 | H91: 135000 | I91: 270000 | J91: 확인 | K91: 입금확인 | L91: =IF($K91="미확인",IF($G91="",0,$G91*$H91),0) -> 0 | N91: 최종 입금 등 확인 완료
A92: Q0091 | B92: C0048 | C92: {=IFERROR(INDEX('간병신청대장'!$B:$B,MATCH($B92,'간병신청대장'!$A:$A,0)),"")} -> 조하륜 | D92: 4월 1차 | E92: 2026.04.03 12:00 | F92: 2026.04.15 | G92: 2 | H92: 135000 | I92: 270000 | J92: 확인 | K92: 입금확인 | L92: =IF($K92="미확인",IF($G92="",0,$G92*$H92),0) -> 0
A93: Q0092 | B93: C0050 | C93: {=IFERROR(INDEX('간병신청대장'!$B:$B,MATCH($B93,'간병신청대장'!$A:$A,0)),"")} -> 전영수 | D93: 4월 2차 | E93: 2026.04.17 12:00 | F93: 2026.04.20 | G93: 16 | H93: 144000 | I93: 2304000 | J93: 확인 | K93: 입금확인 | L93: =IF($K93="미확인",IF($G93="",0,$G93*$H93),0) -> 0
A94: Q0093 | B94: C0051 | C94: {=IFERROR(INDEX('간병신청대장'!$B:$B,MATCH($B94,'간병신청대장'!$A:$A,0)),"")} -> 고봉석 | D94: 4월 1차 | E94: 2026.04.03 12:00 | F94: 2026.04.17 | G94: 2 | H94: 144000 | I94: 288000 | J94: 확인 | K94: 입금확인 | L94: =IF($K94="미확인",IF($G94="",0,$G94*$H94),0) -> 0
A95: Q0094 | B95: C0052 | C95: {=IFERROR(INDEX('간병신청대장'!$B:$B,MATCH($B95,'간병신청대장'!$A:$A,0)),"")} -> 김명수 | D95: 4월 2차 | E95: 2026.04.08 12:00 | F95: 2026.04.14 | G95: 7 | H95: 144000 | I95: 1008000 | J95: 확인 | K95: 입금확인 | L95: =IF($K95="미확인",IF($G95="",0,$G95*$H95),0) -> 0
A96: Q0095 | B96: C0053 | C96: {=IFERROR(INDEX('간병신청대장'!$B:$B,MATCH($B96,'간병신청대장'!$A:$A,0)),"")} -> 김명수 | D96: 4월 2차 | E96: 2026.04.14 14:00 | F96: 2026.04.15 | G96: 6 | H96: 144000 | I96: 864000 | J96: 확인 | K96: 입금확인 | L96: =IF($K96="미확인",IF($G96="",0,$G96*$H96),0) -> 0
A97: Q0096 | B97: C0054 | C97: {=IFERROR(INDEX('간병신청대장'!$B:$B,MATCH($B97,'간병신청대장'!$A:$A,0)),"")} -> 김명수 | D97: 4월 2차 | E97: 2026.04.20 15:00 | F97: 2026.04.22 | G97: 6 | H97: 144000 | I97: 864000 | J97: 확인 | K97: 입금확인 | L97: =IF($K97="미확인",IF($G97="",0,$G97*$H97),0) -> 0
A98: Q0097 | B98: C0054 | C98: {=IFERROR(INDEX('간병신청대장'!$B:$B,MATCH($B98,'간병신청대장'!$A:$A,0)),"")} -> 김명수 | D98: 4월 3차 | E98: 2026.04.30 15:00 | F98: 2026.04.30 | G98: 10 | H98: 144000 | I98: 1440000 | J98: 확인 | K98: 입금확인 | L98: =IF($K98="미확인",IF($G98="",0,$G98*$H98),0) -> 0
A99: Q0098 | B99: C0055 | C99: {=IFERROR(INDEX('간병신청대장'!$B:$B,MATCH($B99,'간병신청대장'!$A:$A,0)),"")} -> 김명수 | D99: 5월 1차 | E99: 2026.05.10 15:00 | F99: 2026.05.11 | G99: 9 | H99: 144000 | I99: 1296000 | J99: 확인 | K99: 입금확인 | L99: =IF($K99="미확인",IF($G99="",0,$G99*$H99),0) -> 0
A100: Q0099 | B100: C0055 | C100: {=IFERROR(INDEX('간병신청대장'!$B:$B,MATCH($B100,'간병신청대장'!$A:$A,0)),"")} -> 김명수 | D100: 5월 2차 | E100: 2026.05.16 13:30 | F100: 2026.05.20 | G100: 7 | H100: 144000 | I100: 1008000 | J100: 확인 | K100: 입금확인 | L100: =IF($K100="미확인",IF($G100="",0,$G100*$H100),0) -> 0
A101: Q0100 | B101: C0056 | C101: {=IFERROR(INDEX('간병신청대장'!$B:$B,MATCH($B101,'간병신청대장'!$A:$A,0)),"")} -> 김명수 | D101: 5월 3차 | E101: 2026.05.31 10:00 | F101: 2026.05.31 | G101: 13 | H101: 144000 | I101: 1872000 | J101: 확인 | K101: 입금확인 | L101: =IF($K101="미확인",IF($G101="",0,$G101*$H101),0) -> 0
A102: Q0101 | B102: C0056 | C102: {=IFERROR(INDEX('간병신청대장'!$B:$B,MATCH($B102,'간병신청대장'!$A:$A,0)),"")} -> 김명수 | D102: 6월 1차 | E102: 2026.06.02 14:00 | F102: 2026.06.04 | G102: 3 | H102: 144000 | I102: 432000 | J102: 확인 | K102: 입금확인 | L102: =IF($K102="미확인",IF($G102="",0,$G102*$H102),0) -> 0
...

Sheet 간병인배정
A1: 배정ID | B1: 신청ID | C1: 고객명 | D1: 간병인명 | E1: 생년월일 | F1: 연락처 | G1: 담당센터 | H1: 센터연락처 | I1: 정산유형 | J1: 일급 | K1: 배정완료일시 | L1: 간병시작일시 | M1: 간병종료일시 | N1: 지급계좌
A2: A0001 | B2: C0006 | C2: {=IFERROR(INDEX('간병신청대장'!$B:$B,MATCH($B2,'간병신청대장'!$A:$A,0)),"")} -> 엄정현 | D2: 황지원 | G2: 영등포 | J2: 80000 | L2: 2026.07.21 | M2: 2026.07.24 | N2: 영등포센터
A3: A0002 | B3: C0010 | C3: {=IFERROR(INDEX('간병신청대장'!$B:$B,MATCH($B3,'간병신청대장'!$A:$A,0)),"")} -> 김미영 | D3: 이영자 | F3: 010-9060-6723 | G3: 영등포 | L3: 2026.03.25 17:30 | M3: 2026.03.30 12:00
A4: A0003 | B4: C0012 | C4: {=IFERROR(INDEX('간병신청대장'!$B:$B,MATCH($B4,'간병신청대장'!$A:$A,0)),"")} -> 성정주 | D4: 이숙자 | F4: 010-8636-5285 | G4: 이솔간병 | H4: 010-3876-5343 | I4: 개인 | J4: 135000 | L4: 2026.04.01.16:00 | M4: 2026.06.13 10:00 | N4: 우리은행 1002-057-219315 LISHUZI
A5: A0004 | B5: C0013 | C5: {=IFERROR(INDEX('간병신청대장'!$B:$B,MATCH($B5,'간병신청대장'!$A:$A,0)),"")} -> 김순년 | D5: 차영옥 | E5: 600307-2695814 | F5: 010-8440-8025 | G5: 영등포 | I5: 개인 | J5: 130000 | L5: 2026.04.01.12:00 | M5: 2026.04.04 12:00
A6: A0005 | B6: C0014 | C6: {=IFERROR(INDEX('간병신청대장'!$B:$B,MATCH($B6,'간병신청대장'!$A:$A,0)),"")} -> 차정옥 | D6: 김혜진 | F6: 010-3579-8090 | G6: 엘리트간병센터 | H6: 010-2355-2419 | I6: 개인 | J6: 130000 | L6: 2026.04.01.06:40 | M6: 2026.05.31 11:00 | N6: 농협은행 501015-52-081548 김혜진
A7: A0006 | B7: C0015 | C7: {=IFERROR(INDEX('간병신청대장'!$B:$B,MATCH($B7,'간병신청대장'!$A:$A,0)),"")} -> 이춘자 | D7: 임영진 | F7: 010-2685-2721 | G7: 행복한돌봄 | H7: 010-6601-8539 | J7: 140000 | L7: 2026.01.23. 08:00 | M7: 2026.06.08 15:00 | N7: 새마을금고 9003-2220-02761 임영진
A8: A0007 | B8: C0017 | C8: {=IFERROR(INDEX('간병신청대장'!$B:$B,MATCH($B8,'간병신청대장'!$A:$A,0)),"")} -> 심윤주 | D8: 안연희 | E8: 581115-2523221 | F8: 010-8645-1345 | G8: 영등포 | I8: 개인 | J8: 130000 | L8: 2026.04.01.07:00 | M8: 2026.08.23.10:00 | N8: 우체국 402362-02-144-686 안연희
A9: A0008 | B9: C0018 | C9: {=IFERROR(INDEX('간병신청대장'!$B:$B,MATCH($B9,'간병신청대장'!$A:$A,0)),"")} -> 김진선 | D9: 최옥녀 | E9: 591222-2769916 | F9: 010-5180-1529 | G9: 영등포 | I9: 개인 | J9: 140000 | L9: 2026.04.01 09:00 | M9: 2026.04.06 12:00
A10: A0009 | B10: C0019 | C10: {=IFERROR(INDEX('간병신청대장'!$B:$B,MATCH($B10,'간병신청대장'!$A:$A,0)),"")} -> 김진선 | D10: 엄순희 | F10: 010-5632-0022 | G10: 미래원간병 | H10: 010-8566-9349 | I10: 센터 | J10: 140000 | L10: 2026.04.06 15:00 | M10: 2026.04.08 15:00 | N10: 카카오뱅크 3333-070958871 (강수자) 협회
A11: A0010 | B11: C0020 | C11: {=IFERROR(INDEX('간병신청대장'!$B:$B,MATCH($B11,'간병신청대장'!$A:$A,0)),"")} | D11: 엄순희 | F11: 010-5632-0022 | G11: 미래원간병 | H11: 010-8566-9349 | L11: 2026.04.08 15:00 | M11: 2026.04.13 12:00
A12: A0011 | B12: C0021 | C12: {=IFERROR(INDEX('간병신청대장'!$B:$B,MATCH($B12,'간병신청대장'!$A:$A,0)),"")} | D12: 엄순희 | F12: 010-5632-0022 | G12: 미래원간병 | H12: 010-8566-9349 | L12: 2026.04.13 12:00 | M12: 2026.04.14 12:00
A13: A0012 | B13: C0022 | C13: {=IFERROR(INDEX('간병신청대장'!$B:$B,MATCH($B13,'간병신청대장'!$A:$A,0)),"")} -> 김진선 | D13: 박기남 | F13: 010-5193-3507 | G13: 미소간병인협회 | J13: 140000 | L13: 2026.04.14 12:00 | M13: 2026.04.20 15:00 | N13: 농협 356 1535 7214 13 한봉순(모) 농협 010-5193-3507 박기남
A14: A0013 | B14: C0023 | C14: {=IFERROR(INDEX('간병신청대장'!$B:$B,MATCH($B14,'간병신청대장'!$A:$A,0)),"")} -> 김진선 | D14: 박기남 | F14: 010-5193-3507 | G14: 미소간병인협회 | J14: 140000 | L14: 2026.04.20 15:00 | M14: 2026.04.24 10:00 | N14: 농협 356 1535 7214 13 한봉순(모) 농협 010-5193-3507 박기남
A15: A0014 | B15: C0024 | C15: {=IFERROR(INDEX('간병신청대장'!$B:$B,MATCH($B15,'간병신청대장'!$A:$A,0)),"")} -> 김진선 | D15: 박기남 | F15: 010-5193-3507 | G15: 미소간병인협회 | J15: 140000 | L15: 2026.04.24 11:00 | M15: 2026.05.06 14:00 | N15: 농협 351 0502 1085 43 박기남
A16: A0015 | B16: C0025 | C16: {=IFERROR(INDEX('간병신청대장'!$B:$B,MATCH($B16,'간병신청대장'!$A:$A,0)),"")} -> 김진선 | D16: 박기남 | F16: 010-5193-3507 | G16: 미소간병인협회 | J16: 140000 | L16: 2026.05.06 14:00 | M16: 2026.05.12 14:00
A17: A0016 | B17: C0026 | C17: {=IFERROR(INDEX('간병신청대장'!$B:$B,MATCH($B17,'간병신청대장'!$A:$A,0)),"")} -> 김진선 | D17: 윤진경 | F17: 010-8294-6155 | G17: 미소간병 대구 | J17: 140000 | L17: 2026.05.12 14:00 | M17: 2026.05.16 14:00 | N17: 농협 김강희 351 0845 1336 53
A18: A0017 | B18: C0027 | C18: {=IFERROR(INDEX('간병신청대장'!$B:$B,MATCH($B18,'간병신청대장'!$A:$A,0)),"")} -> 권영술 | D18: 이혜숙 | F18: 010-5195-1954 | G18: 영등포 | I18: 개인 | J18: 130000 | L18: 2026.03.31.12:00 | M18: 2026.04.10 12:00 | N18: 이혜숙.우리은행.1002.429.595707
A19: A0018 | B19: C0028 | C19: {=IFERROR(INDEX('간병신청대장'!$B:$B,MATCH($B19,'간병신청대장'!$A:$A,0)),"")} -> 김진선 | D19: 박기남 | F19: 010-5193-3507 | G19: 미소간병인협회 | J19: 140000 | L19: 2026.05.16 14:00 | M19: 2026.05.20 14:00 | N19: 농협 351 0502 1085 43 박기남
A20: A0019 | B20: C0029 | C20: {=IFERROR(INDEX('간병신청대장'!$B:$B,MATCH($B20,'간병신청대장'!$A:$A,0)),"")} -> 김진선 | D20: 박기남 | F20: 010-5193-3507 | G20: 미소간병인협회 | J20: 140000 | L20: 2026.05.20 12:00 | M20: 2026.05.26 13:00 | N20: 농협 351 0502 1085 43 박기남
A21: A0020 | B21: C0030 | C21: {=IFERROR(INDEX('간병신청대장'!$B:$B,MATCH($B21,'간병신청대장'!$A:$A,0)),"")} -> 김진선 | D21: 박기남 | F21: 010-5193-3507 | G21: 미소간병 포항 | J21: 140000 | L21: 2026.05.26 13:00 | M21: 2026.06.02 13:00
A22: A0021 | B22: C0031 | C22: {=IFERROR(INDEX('간병신청대장'!$B:$B,MATCH($B22,'간병신청대장'!$A:$A,0)),"")} -> 김진선 | D22: 박기남 | F22: 010-5193-3507 | G22: 미소간병 포항 | J22: 140000 | L22: 2026.06.02 13:00 | M22: 2026.06.16 17:00 | N22: 농협 351 0502 1085 43 박기남
A23: A0022 | B23: C0032 | C23: {=IFERROR(INDEX('간병신청대장'!$B:$B,MATCH($B23,'간병신청대장'!$A:$A,0)),"")} -> 김진선 | D23: 박지우 | F23: 010-9675-3923 | G23: 미소간병 대구 | J23: 140000 | L23: 2026.06.16 17:00 | M23: 2026.06.19 17:00 | N23: 농협 김강희 351 0845 1336 53
A24: A0023 | B24: C0033 | C24: {=IFERROR(INDEX('간병신청대장'!$B:$B,MATCH($B24,'간병신청대장'!$A:$A,0)),"")} -> 김진선 | D24: 박기남 | F24: 010-5193-3507 | G24: 미소간병 포항 | J24: 140000 | L24: 2026.06.20 10:00 | M24: 2026.07.14 12:00 | N24: 농협 351 0502 1085 43 박기남
A25: A0024 | B25: C0034 | C25: {=IFERROR(INDEX('간병신청대장'!$B:$B,MATCH($B25,'간병신청대장'!$A:$A,0)),"")} -> 김진선 | D25: 박기남 | F25: 010-5193-3507 | G25: 미소간병 포항 | J25: 140000 | L25: 2026.07.14 12:00 | M25: 2026.07.28 12:00 | N25: 농협 351 0502 1085 43 박기남
A26: A0025 | B26: C0035 | C26: {=IFERROR(INDEX('간병신청대장'!$B:$B,MATCH($B26,'간병신청대장'!$A:$A,0)),"")} -> 김진선 | D26: 박기남 | F26: 010-5193-3507 | G26: 미소간병 포항 | J26: 140000 | L26: 2026.07.28 12:00 | M26: 2026.08.03 12:00 | N26: 농협 356 1535 7214 13 한봉순(모) 농협 010-5193-3507 박기남
A27: A0026 | B27: C0036 | C27: {=IFERROR(INDEX('간병신청대장'!$B:$B,MATCH($B27,'간병신청대장'!$A:$A,0)),"")} -> 김진선 | D27: 김경한 | F27: 010-6901-7085 | G27: 미소간병 포항 | J27: 140000 | L27: 2026.08.03 12:00 | M27: 2026.08.06 13:00 | N27: 기업은행 1510-7551-2010-11 김경한
A28: A0027 | B28: C0037 | C28: {=IFERROR(INDEX('간병신청대장'!$B:$B,MATCH($B28,'간병신청대장'!$A:$A,0)),"")} -> 권영술 | D28: 유순복 | E28: 660406-6760299 | F28: 010-8332-7116 | G28: 영등포 | J28: 140000 | L28: 2026.04.10 17:00 | M28: 2026.05.11 11:00 | N28: 농협 356 0545 9289 63 YU SHUNFU
A29: A0028 | B29: C0038 | C29: {=IFERROR(INDEX('간병신청대장'!$B:$B,MATCH($B29,'간병신청대장'!$A:$A,0)),"")} -> 전남영 | D29: 서은진 | E29: 510108-2822511 | F29: 010-8689-2929 | G29: 창조 | H29: 010-3568-1059 | I29: 개인 | J29: 130000 | L29: 2026.04.01.12:00 | M29: 2026.05.14 12:00 | N29: 농협302-0566-701181 서은진
A30: A0029 | B30: C0039 | C30: {=IFERROR(INDEX('간병신청대장'!$B:$B,MATCH($B30,'간병신청대장'!$A:$A,0)),"")} -> 전남영 | D30: 정옥화 | F30: 010-5203-8991 | G30: 스마일간병협회 | J30: 135000 | L30: 2026.05.13 12:00 | M30: 2026.06.19:10:00 | N30: 1개월분씩 정산 요청 /카카오뱅크 3333 34 4632 984 (이순련) 협회
A31: A0030 | B31: C0040 | C31: {=IFERROR(INDEX('간병신청대장'!$B:$B,MATCH($B31,'간병신청대장'!$A:$A,0)),"")} -> 전남영 | D31: 송미령 | F31: 010-6310-3030 | G31: 창원진심간병협회 | H31: 010-8551-2418 | J31: 140000 | L31: 2026.06.19 14:00 | M31: 2026.07.27 12:00 | N31: 농협 349-12-144055 김미숙(창원진심)
A32: A0031 | B32: C0041 | C32: {=IFERROR(INDEX('간병신청대장'!$B:$B,MATCH($B32,'간병신청대장'!$A:$A,0)),"")} -> 이성자 | D32: 이영희 | E32: 481219-2403224 | F32: 010-7233-9940 | G32: 영등포 | I32: 개인 | J32: 150000 | L32: 2026.04.01.12:00 | M32: 2026.05.01 11:00 | N32: 농협 483013-52-074105
A33: A0032 | B33: C0042 | C33: {=IFERROR(INDEX('간병신청대장'!$B:$B,MATCH($B33,'간병신청대장'!$A:$A,0)),"")} -> 이성자 | D33: 주예순 | E33: 1956년생 | F33: 010-6879-7789 | G33: 햇살간병 | I33: 개인 | J33: 140000 | L33: 2026.05.06 14:00 | M33: 2026.05.18 13:00 | N33: 농협조명임 356.1196.2339.63
A34: A0033 | B34: C0043 | C34: {=IFERROR(INDEX('간병신청대장'!$B:$B,MATCH($B34,'간병신청대장'!$A:$A,0)),"")} -> 신용찬 | D34: 이옥선 | F34: 010-5751-7299 | G34: 인덕간병센터 | H34: 010-8538-4153 | I34: 개인 | J34: 160000 | L34: 2026.03.31 14:00 | M34: 2026.04.29 12:00 | N34: 신한 110 295 174270 이나경(인덕소장)
A35: A0034 | B35: C0044 | C35: {=IFERROR(INDEX('간병신청대장'!$B:$B,MATCH($B35,'간병신청대장'!$A:$A,0)),"")} -> 오죽삼 | D35: 이경순 | E35: 630828-2222211 | F35: 010-7587-8295 | G35: 영등포 | L35: 2026.04.01.16:00 | M35: 2026.04.01 19:30
A36: A0035 | B36: C0045 | C36: {=IFERROR(INDEX('간병신청대장'!$B:$B,MATCH($B36,'간병신청대장'!$A:$A,0)),"")} -> 오죽삼 | D36: 김향자 | E36: 590105-6101193 | F36: 010-5199-1378 | G36: 영등포 | I36: 개인 | J36: 135000 | L36: 2026.04.02. 15:30 | M36: 2026.04.09 16:00 | N36: 하나 126 910362 00707 Jin XIANZI
A37: A0036 | B37: C0046 | C37: {=IFERROR(INDEX('간병신청대장'!$B:$B,MATCH($B37,'간병신청대장'!$A:$A,0)),"")} -> 박영희 | D37: 양미옥 | F37: 010-2022-8689 | G37: 햇살간병 | H37: 010-5676-2577 | I37: 개인(센터경유) | J37: 130000 | L37: 2026.04.01.12:00 | M37: 2026.04.06 19:00 | N37: 조명임
A38: A0037 | B38: C0047 | C38: {=IFERROR(INDEX('간병신청대장'!$B:$B,MATCH($B38,'간병신청대장'!$A:$A,0)),"")} -> 조하랑 | D38: 최정은 | E38: 630625-2580412 | F38: 010-8458-3971 | G38: 한마음간병협회 | H38: 010-4661-4435 | I38: 개인 | J38: 140000 | L38: 2026.03.23 13:00 | M38: 2026.04.03 12:00
A39: A0038 | B39: C0048 | C39: {=IFERROR(INDEX('간병신청대장'!$B:$B,MATCH($B39,'간병신청대장'!$A:$A,0)),"")} -> 조하륜 | D39: 강은선 | E39: 630526-2630315 | F39: 010-9610-5173 | G39: 한마음간병협회 | H39: 010-4661-4435 | I39: 개인 | J39: 140000 | L39: 2026.03.23 13:00 | M39: 2026.04.03 12:00
A40: A0039 | B40: C0050 | C40: {=IFERROR(INDEX('간병신청대장'!$B:$B,MATCH($B40,'간병신청대장'!$A:$A,0)),"")} -> 전영수 | D40: 김학수 | F40: 010-9988-8526 | G40: 스마일간병협회 | H40: 010-6586-4312 | I40: 협회 | J40: 135000 | L40: 2026.04.01.17:00 | M40: 2026.04.17 12:00 | N40: 카카오뱅크 3333 34 4632 984 (이순련) 협회
A41: A0040 | B41: C0051 | C41: {=IFERROR(INDEX('간병신청대장'!$B:$B,MATCH($B41,'간병신청대장'!$A:$A,0)),"")} -> 고봉석 | D41: 배호숙 | F41: 010-4680-9423 | G41: 김해조은간병 | H41: 010-6291-0470 | I41: 개인 | J41: 140000 | L41: 2026.04.01.12:00 | M41: 2026.04.03 12:00 | N41: 수협 2020 5161 8503
A42: A0041 | B42: C0052 | C42: {=IFERROR(INDEX('간병신청대장'!$B:$B,MATCH($B42,'간병신청대장'!$A:$A,0)),"")} -> 김명수 | D42: 어윤옥 | F42: 010-5805-3710 | G42: 행복한돌봄 | H42: 010-6601-8539 | I42: 개인 | J42: 135000 | L42: 2026.03.25 14:00 | M42: 2026.04.08 14:00 | N42: 국민은행 506211174726 어윤옥
A43: A0042 | B43: C0053 | C43: {=IFERROR(INDEX('간병신청대장'!$B:$B,MATCH($B43,'간병신청대장'!$A:$A,0)),"")} -> 김명수 | D43: 김기숙 | F43: 010-7470-0783 | G43: 행복한돌봄 | H43: 010-6601-8539 | I43: 개인 | J43: 135000 | L43: 2026.04.08 14:00 | M43: 2026.04.14 14:00 | N43: 전북은행 521-22-0328202 김기숙
A44: A0043 | B44: C0054 | C44: {=IFERROR(INDEX('간병신청대장'!$B:$B,MATCH($B44,'간병신청대장'!$A:$A,0)),"")} -> 김명수 | D44: 이영숙 | F44: 010-5676-2072 | G44: 행복한돌봄 | H44: 010-6601-8539 | I44: 개인 | J44: 135000 | L44: 2026.04.14 15:00 | M44: 2026.04.30 15:00 | N44: 카카오뱅크 3333207597700 최자연(따님)
A45: A0044 | B45: C0055 | C45: {=IFERROR(INDEX('간병신청대장'!$B:$B,MATCH($B45,'간병신청대장'!$A:$A,0)),"")} -> 김명수 | D45: 이영숙 | F45: 010-5676-2072 | G45: 행복한돌봄 | H45: 010-6601-8539 | I45: 개인 | J45: 135000 | L45: 2026.05.01 09:30 | M45: 2026.05.16 13:30 | N45: 카카오뱅크 3333207597700 최자연(따님)
A46: A0045 | B46: C0056 | C46: {=IFERROR(INDEX('간병신청대장'!$B:$B,MATCH($B46,'간병신청대장'!$A:$A,0)),"")} -> 김명수 | D46: 이영숙 | F46: 010-5676-2072 | G46: 행복한돌봄 | H46: 010-6601-8539 | J46: 135000 | L46: 2026.05.18 10:00 | M46: 2026.06.02 14:00 | N46: 카카오뱅크 3333207597700 최자연(따님)
A47: A0046 | B47: C0057 | C47: {=IFERROR(INDEX('간병신청대장'!$B:$B,MATCH($B47,'간병신청대장'!$A:$A,0)),"")} -> 김명수 | D47: 이영숙 | F47: 010-5676-2072 | G47: 행복한돌봄 | H47: 010-6601-8539 | J47: 135000 | L47: 2026.06.04 10:00 | M47: 2026.06.19 10:00 | N47: 카카오뱅크 3333207597700 최자연(따님)
A48: A0047 | B48: C0058 | C48: {=IFERROR(INDEX('간병신청대장'!$B:$B,MATCH($B48,'간병신청대장'!$A:$A,0)),"")} -> 마율하 | D48: 강민혜 | F48: 010-8667-3968 | G48: 행복한돌봄 | H48: 010-6601-8539 | I48: 개인(센터경유) | J48: 135000 | L48: 2026.04.02.08:00 | M48: 2026.04.10 18:30 | N48: 1021-01-9271833 전북은행 윤준호
A49: A0048 | B49: C0059 | C49: {=IFERROR(INDEX('간병신청대장'!$B:$B,MATCH($B49,'간병신청대장'!$A:$A,0)),"")} -> 문굉순 | D49: 정재희 | F49: 01085028192 | G49: 현대간병인협회 | H49: 010-5551-6917 | I49: 개인 | J49: 140000 | L49: 2026.02.13 10:00 | M49: 2026.04.16 15:00 | N49: 농협은행 3522038166393 정재희
A50: A0049 | B50: C0060 | C50: {=IFERROR(INDEX('간병신청대장'!$B:$B,MATCH($B50,'간병신청대장'!$A:$A,0)),"")} -> 이지연 | D50: 최승순 | F50: 010-2000-1400 | G50: 참좋은간병 | H50: 010-7144-0028 | I50: 개인(센터경유) | J50: 138000 | L50: 2026.04.01 20:00 | M50: 2026.04.16 14:00 | N50: 신한은행 110223593266 (김금순)
A51: A0050 | B51: C0061 | C51: {=IFERROR(INDEX('간병신청대장'!$B:$B,MATCH($B51,'간병신청대장'!$A:$A,0)),"")} -> 고원석 | D51: 이서야 | F51: 010-5800-7881 | G51: 동그라미간병센터 | H51: 010-7525-3650 | I51: 개인 | L51: 2026.04.02 18:00 | M51: 2026.04.09 16:00 | N51: 국민은행 295401-01-067155
A52: A0051 | B52: C0062 | C52: {=IFERROR(INDEX('간병신청대장'!$B:$B,MATCH($B52,'간병신청대장'!$A:$A,0)),"")} -> 김현철 | D52: - | L52: 2025.04.08 | M52: 해당없음
A53: A0052 | B53: C0063 | C53: {=IFERROR(INDEX('간병신청대장'!$B:$B,MATCH($B53,'간병신청대장'!$A:$A,0)),"")} -> 조용운 | D53: 유효례 | F53: 010-3624-7386 | G53: 믿음간병 | H53: 010-6619-6019 | I53: 센터 | J53: 135000 | L53: 2026.04.05 18:00 | M53: 2026.04.09 18:00 | N53: 광주은행 019-121-698530 박서혜
A54: A0053 | B54: C0064 | C54: {=IFERROR(INDEX('간병신청대장'!$B:$B,MATCH($B54,'간병신청대장'!$A:$A,0)),"")} -> 조용운 | D54: 이혜숙 | F54: 010-2636-9772 | G54: 믿음간병 | H54: 010-6619-6019 | I54: 센터 | J54: 135000 | L54: 2026.04.09 18:00 | M54: 2026.04.10 15:00 | N54: 광주은행 019-121-698530 박서혜
A55: A0054 | B55: C0065 | C55: {=IFERROR(INDEX('간병신청대장'!$B:$B,MATCH($B55,'간병신청대장'!$A:$A,0)),"")} -> 조용운 | D55: 오혜숙 | E55: 6508010 | F55: 010-2526-5542 | G55: 믿음간병 | H55: 010-6619-6019 | I55: 센터 | J55: 135000 | L55: 2026.04.10 15:00 | M55: 2026.04.22 15:00 | N55: 광주은행 019-121-698530 박서혜
A56: A0055 | B56: C0066 | C56: {=IFERROR(INDEX('간병신청대장'!$B:$B,MATCH($B56,'간병신청대장'!$A:$A,0)),"")} -> 조용운 | D56: 오혜숙 | E56: 6508010 | F56: 010-2526-5542 | G56: 믿음간병 | H56: 010-6619-6019 | I56: 센터 | J56: 135000 | L56: 2026.04.22 15:00 | M56: 2026.04.24 15:00 | N56: 광주은행 019-121-698530 박서혜
A57: A0056 | B57: C0067 | C57: {=IFERROR(INDEX('간병신청대장'!$B:$B,MATCH($B57,'간병신청대장'!$A:$A,0)),"")} -> 조용운 | D57: 오혜숙 | E57: 6508010 | F57: 010-2526-5542 | G57: 믿음간병 | H57: 010-6619-6019 | I57: 센터 | J57: 135000 | L57: 2026.04.24 15:00 | M57: 2026.04.29 11:00 | N57: 광주은행 019-121-698530 박서혜
A58: A0057 | B58: C0068 | C58: {=IFERROR(INDEX('간병신청대장'!$B:$B,MATCH($B58,'간병신청대장'!$A:$A,0)),"")} -> 조용운 | D58: 서향숙 | E58: 580407 | F58: 010-5886-3972 | G58: 믿음간병 | H58: 010-6619-6019 | J58: 135000 | L58: 2026.04.29 11:00 | M58: 2026.05.09 10:00 | N58: 농협 서향숙 302 6422 3972 01
A59: A0058 | B59: C0069 | C59: {=IFERROR(INDEX('간병신청대장'!$B:$B,MATCH($B59,'간병신청대장'!$A:$A,0)),"")} -> 이윤정 | D59: 문홍자 | F59: 010-3011-0736 | G59: 영등포 | I59: 센터 | L59: 2026.04.07 | M59: 2026.04.11
A60: A0060 | B60: C0071 | C60: {=IFERROR(INDEX('간병신청대장'!$B:$B,MATCH($B60,'간병신청대장'!$A:$A,0)),"")} -> 김용신 | D60: 최명자 | F60: 010-7200-9458 | G60: 영등포 | I60: 개인 | J60: 135000 | L60: 2026.04.02.18:30 | M60: 2026.04.09 19:00 | N60: 하나은행 584 910325 20507
A61: A0061 | B61: C0072 | C61: {=IFERROR(INDEX('간병신청대장'!$B:$B,MATCH($B61,'간병신청대장'!$A:$A,0)),"")} -> 김용신 | D61: 전호철 | E61: 591007-5200290 | F61: 010-6224-1888 | G61: 영등포 | I61: 개인 | J61: 135000 | L61: 2026.04.09 19:00 | M61: 2026.04.16 17:00 | N61: 우리은행 1002-659-507651 QUAN HUZ
A62: A0062 | B62: C0073 | C62: {=IFERROR(INDEX('간병신청대장'!$B:$B,MATCH($B62,'간병신청대장'!$A:$A,0)),"")} -> 김용신 | D62: 조일용 | E62: 590825 | F62: 010-8873-1959 | G62: 햇살간병 | H62: 010-5676-2577 | I62: 센터 | J62: 135000 | L62: 2026.05.04 15:00 | M62: 2026.05.11 11:00 | N62: 농협 조명임 356.1196.2339.63
A63: A0063 | B63: C0074 | C63: {=IFERROR(INDEX('간병신청대장'!$B:$B,MATCH($B63,'간병신청대장'!$A:$A,0)),"")} -> 김용신 | D63: 김련순 | E63: 590712 | F63: 010-8291-9699 | G63: 햇살간병 | H63: 010-5676-2578 | J63: 135000 | L63: 2026.05.11 11:00 | M63: 2026.05.22 11:00 | N63: 농협 조명임 356.1196.2339.63
A64: A0064 | B64: C0075 | C64: {=IFERROR(INDEX('간병신청대장'!$B:$B,MATCH($B64,'간병신청대장'!$A:$A,0)),"")} -> 김리아 | D64: 장인덕 | F64: 010-8291-1209 | G64: 영등포 | I64: 개인 | J64: 130000 | L64: 2026.04.03 10:00 | M64: 2026.04.06 10:00 | N64: 부산은행 032-12-050741-3 장인덕
A65: A0065 | B65: C0076 | C65: {=IFERROR(INDEX('간병신청대장'!$B:$B,MATCH($B65,'간병신청대장'!$A:$A,0)),"")} -> 나재균 | D65: 허윤정 | F65: 010-5634-9234 | G65: 영등포 | I65: 개인 | J65: 135000 | L65: 2026.04.03 15:30 | M65: 2026.04.13 11:00 | N65: 농협 637-12-395745 허윤정
A66: A0066 | B66: C0077 | C66: {=IFERROR(INDEX('간병신청대장'!$B:$B,MATCH($B66,'간병신청대장'!$A:$A,0)),"")} -> 안순옥 | D66: 강영숙 | F66: 010-8844-0056 | G66: 영등포 | L66: 2026.04.09 | M66: 완료
A67: A0067 | B67: C0078 | C67: {=IFERROR(INDEX('간병신청대장'!$B:$B,MATCH($B67,'간병신청대장'!$A:$A,0)),"")} -> 최경희 | D67: 구혜정 | E67: 1993년생 | F67: 010-4383-6800 | G67: 대구미소간병 | I67: 센터경유 | J67: 135000 | L67: 2026.04.07 20:00 | M67: 2026.04.11 11:00 | N67: 농협 351 0845 1336 53 김강희
A68: A0068 | B68: C0079 | C68: {=IFERROR(INDEX('간병신청대장'!$B:$B,MATCH($B68,'간병신청대장'!$A:$A,0)),"")} -> 최경희 | D68: 윤금수 | G68: 대구하나로간병 | H68: 010-2687-1689 | J68: 145000 | L68: 2026.05.09 08:00 | M68: 2026.05.11 09:00 | N68: 대구은행 508-11-251944-1 윤금수
A69: A0069 | B69: C0080 | C69: {=IFERROR(INDEX('간병신청대장'!$B:$B,MATCH($B69,'간병신청대장'!$A:$A,0)),"")} -> 최경희 | D69: 최명수 | F69: 010-2687-5074 | G69: 바른간병협회 | J69: 160000 | L69: 2026.05.11 16:00 | M69: 2026.05.14 21:00 | N69: 아이엠뱅크 053 1313 1716
A70: A0070 | B70: C0081 | C70: {=IFERROR(INDEX('간병신청대장'!$B:$B,MATCH($B70,'간병신청대장'!$A:$A,0)),"")} -> 최경희 | D70: 김영숙 | F70: 010-2977-6363 | G70: 바른간병협회 | H70: 010-2054-9575 | J70: 160000 | L70: 2026.05.15 17:00 | M70: 2026.06.12 17:00 | N70: 아이엠 222-08-015190 김영숙
A71: A0071 | B71: C0082 | C71: {=IFERROR(INDEX('간병신청대장'!$B:$B,MATCH($B71,'간병신청대장'!$A:$A,0)),"")} -> 최경희 | D71: 최공주 | E71: 700228-2683112 | F71: 010-4501-9852 | G71: 개인/보호자섭외 | J71: 150000 | L71: 2026.06.14 17:00 | M71: 2026.06.25 12:00 | N71: 농협 351-0482-5247-53 최공주
A72: A0072 | B72: C0083 | C72: {=IFERROR(INDEX('간병신청대장'!$B:$B,MATCH($B72,'간병신청대장'!$A:$A,0)),"")} -> 최경희 | D72: 최공주 | E72: 700228-2683112 | F72: 010-4501-9852 | G72: 개인/보호자섭외 | I72: 출퇴근 | J72: 150000 | L72: 2026.06.25 12:00 | N72: 농협 351-0482-5247-53 최공주
A73: A0073 | B73: C0084 | C73: {=IFERROR(INDEX('간병신청대장'!$B:$B,MATCH($B73,'간병신청대장'!$A:$A,0)),"")} -> 김옥경 | D73: - | G73: 영등포
A74: A0074 | B74: C0085 | C74: {=IFERROR(INDEX('간병신청대장'!$B:$B,MATCH($B74,'간병신청대장'!$A:$A,0)),"")} -> 고수연 | D74: 김은정 | F74: 010-9838-1737 | G74: 영등포 | I74: 센터 | L74: 2026.04.14 | M74: 완료
A75: A0075 | B75: C0086 | C75: {=IFERROR(INDEX('간병신청대장'!$B:$B,MATCH($B75,'간병신청대장'!$A:$A,0)),"")} -> 오영숙 | D75: 이소연 | F75: 010-5286-5358 | G75: 서울간병 | H75: 010-2522-1530 | J75: 140000 | L75: 2026.04.22 13:00 | M75: 2026.05.04 10:00 | N75: 우리은행 070-133434-02-601 이소연 | Z75: ㄹ
A76: A0076 | B76: C0087 | C76: {=IFERROR(INDEX('간병신청대장'!$B:$B,MATCH($B76,'간병신청대장'!$A:$A,0)),"")} -> 지영희 | D76: 유춘옥 | E76: 520110-6780273 | F76: 010-8645-8887 | J76: 135000 | L76: 2026.04.26 12:00 | M76: 2026.07.31 09:00 | N76: 신한은행 110 3656 26120 LIU CHUNYU 유춘옥
A77: A0077 | B77: C0088 | C77: {=IFERROR(INDEX('간병신청대장'!$B:$B,MATCH($B77,'간병신청대장'!$A:$A,0)),"")} -> 지영희 | D77: 신금자 | F77: 010-3946-8875 | G77: 개인 | H77: 010-4156-8800 | J77: 135000 | L77: 2026.07.31 09:00 | N77: 국민은행 421-701-04-298274 XIN JINZI
A78: A0078 | B78: C0089 | C78: {=IFERROR(INDEX('간병신청대장'!$B:$B,MATCH($B78,'간병신청대장'!$A:$A,0)),"")} -> 조순호 | D78: 한창우 | E78: 550502-1533711 | F78: 010-4222-4168 | G78: 영등포 | J78: 140000 | L78: 2026.04.13 14:00 | M78: 2026.04.18 12:00 | N78: 농협은행 351-1185-4438-93 한정희
A79: A0079 | B79: C0090 | C79: {=IFERROR(INDEX('간병신청대장'!$B:$B,MATCH($B79,'간병신청대장'!$A:$A,0)),"")} -> 김경재 | D79: 고진향 | E79: 550330-2240710 | F79: 010-9009-5600 | G79: 서울간호인협회 | J79: 140000 | L79: 2026.04.14 14:00 | M79: 2026.04.22 14:00 | N79: 국민은행 875 401 01 503426 고진향
A80: A0080 | B80: C0091 | C80: {=IFERROR(INDEX('간병신청대장'!$B:$B,MATCH($B80,'간병신청대장'!$A:$A,0)),"")} -> 최덕순 | D80: 양형자 | E80: 510706-2822816 | F80: 010-2013-2735 | G80: 창원진심간병협회 | H80: 010-8551-2418 | J80: 140000 | L80: 2026.04.17 09:00 | M80: 2026.04.23 12:00 | N80: 농협은행 349-12-144055 김미숙(창원진심)
A81: A0081 | B81: C0092 | C81: {=IFERROR(INDEX('간병신청대장'!$B:$B,MATCH($B81,'간병신청대장'!$A:$A,0)),"")} -> 이영기 | D81: 진향자 | F81: 010-5199-1378 | J81: 135000 | L81: 2026.05.04 14:20 | M81: 2026.05.09 12:00 | N81: 하나 126 910362 00707 Jin XIANZI
A82: A0082 | B82: C0093 | C82: {=IFERROR(INDEX('간병신청대장'!$B:$B,MATCH($B82,'간병신청대장'!$A:$A,0)),"")} -> 정춘영 | D82: 김초옥 | E82: 651030 | F82: 010-3628-2558 | G82: 믿음간병 | H82: 010-6619-6019 | J82: 130000 | L82: 2026.04.19 12:00 | M82: 2026.04.27 10:00 | N82: 우리은행 1002 528 9826 83 김초옥
A83: A0083 | B83: C0094 | C83: {=IFERROR(INDEX('간병신청대장'!$B:$B,MATCH($B83,'간병신청대장'!$A:$A,0)),"")} -> 김정은 | D83: 이성헌 | F83: 010-3687-5892 | G83: 개인/요양보호사 | J83: 80000 | L83: 2026.04.17 | M83: 2026.04.24 | N83: 국민은행 091 24 0248 781 이성헌
A84: A0084 | B84: C0095 | C84: 김명자 | D84: 김미현 | F84: 010-5055-7321 | G84: 우리간병협회 | J84: 140000 | L84: 2026.04.18 13:00 | M84: 해당없음 | N84: 사용일당계약
A85: A0085 | B85: C0096 | C85: {=IFERROR(INDEX('간병신청대장'!$B:$B,MATCH($B85,'간병신청대장'!$A:$A,0)),"")} -> 김우현 | D85: 이순자 | E85: 660305-2812731 | F85: 010-3507-7763 | G85: 개인/요양보호사 | I85: 개인 | J85: 135000 | L85: 2026.04.20 14:00 | M85: 2026.04.24 14:00 | N85: IM뱅크 037-08-243597 이순자
A86: A0086 | B86: C0097 | C86: {=IFERROR(INDEX('간병신청대장'!$B:$B,MATCH($B86,'간병신청대장'!$A:$A,0)),"")} -> 이담 | D86: 강향자 | J86: 135000 | L86: 2026.04.20 15:30 | M86: 2026.04.23 15:00 | N86: 하나은행 126 910362 00707 jin xiang zi
A87: A0087 | B87: C0098 | C87: {=IFERROR(INDEX('간병신청대장'!$B:$B,MATCH($B87,'간병신청대장'!$A:$A,0)),"")} -> 김태자 | D87: 양춘희 | E87: 650413-2 | F87: 010-8709-2033 | G87: 햇살간병 | H87: 010-7338-4148 | J87: 135000 | L87: 2026.04.21 19:00 | M87: 2026.04.28 11:00 | N87: 신한은행 110 024 527017 이철호(햇살간병)
A88: A0088 | B88: C0099 | C88: {=IFERROR(INDEX('간병신청대장'!$B:$B,MATCH($B88,'간병신청대장'!$A:$A,0)),"")} -> 하덕임 | D88: 유송연 | F88: 010-9008-8280 | G88: 예향간병 | H88: 010-7528-1290 | J88: 130000 | L88: 2026.04.25 07:00 | M88: 2026.05.11 12:00 | N88: 농협은행 302 1258 9907 31 유지유(예향)
A89: A0089 | B89: C0100 | C89: {=IFERROR(INDEX('간병신청대장'!$B:$B,MATCH($B89,'간병신청대장'!$A:$A,0)),"")} -> 문영해 | D89: 곽련화 | F89: 010-8206-1095 | G89: 선한이웃간병 | H89: 031-388-0855 | J89: 139500 | L89: 2026.04.23 19:00 | M89: 2026.08.25 19:00 | N89: 하나은행 631 910 357 16507 곽련화
A90: A0090 | B90: C0101 | C90: {=IFERROR(INDEX('간병신청대장'!$B:$B,MATCH($B90,'간병신청대장'!$A:$A,0)),"")} -> 이정완 | D90: 이순화 | F90: 010-2252-7536 | G90: 행복한돌봄 | H90: 010-6601-8539 | J90: 140000 | L90: 2026.04.24 13:00 | M90: 2026.05.04 13:00 | N90: 우리은행 1002-442-310671 이순화
A91: A0091 | B91: C0102 | C91: {=IFERROR(INDEX('간병신청대장'!$B:$B,MATCH($B91,'간병신청대장'!$A:$A,0)),"")} -> 이정완 | D91: 김명순 | G91: 행복한돌봄 | H91: 010-6601-8539 | J91: 140000 | L91: 2026.05.04 13:00 | M91: 2026.05.11 16:00 | N91: 1021-01-9271833 전북은행 윤준호(행복)
A92: A0092 | B92: C0103 | C92: {=IFERROR(INDEX('간병신청대장'!$B:$B,MATCH($B92,'간병신청대장'!$A:$A,0)),"")} -> 이정완 | D92: 강금이 | F92: 010-7371-2446 | G92: 엘리트간병 | H92: 010-2355-2419 | J92: 150000 | L92: 2026.05.12 16:00 | M92: 2026.05.18 15:00 | N92: 전북은행 1021-01-2860965 강금이
A93: A0093 | B93: C0104 | C93: {=IFERROR(INDEX('간병신청대장'!$B:$B,MATCH($B93,'간병신청대장'!$A:$A,0)),"")} -> 김창식 | D93: 김초옥 | E93: 651030 | F93: 010-3628-2558 | G93: 믿음간병 | H93: 010-6619-6019 | J93: 130000 | L93: 2026.04.29 09:00 | M93: 2026.05.04 11:00 | N93: 우리은행 1002 528 9826 83 김초옥
A94: A0094 | B94: C0105 | C94: {=IFERROR(INDEX('간병신청대장'!$B:$B,MATCH($B94,'간병신청대장'!$A:$A,0)),"")} -> 김창식 | D94: 김초옥 | E94: 651030 | F94: 010-3628-2558 | G94: 믿음간병 | H94: 010-6619-6019 | J94: 130000 | L94: 2026.05.04 11:00 | M94: 2026.05.09 14:00 | N94: 우리은행 1002 528 9826 83 김초옥
A95: A0095 | B95: C0106 | C95: {=IFERROR(INDEX('간병신청대장'!$B:$B,MATCH($B95,'간병신청대장'!$A:$A,0)),"")} -> 손정관 | D95: 이덕순 | F95: 010-2375-0058 | G95: 조은간병(광주) | H95: 010-9658-1331 | J95: 135000 | L95: 2026.04.24 11:20 | M95: 2026.05.13 11:00 | N95: 광주은행 075-121-434154 이덕순
A96: A0096 | B96: C0107 | C96: {=IFERROR(INDEX('간병신청대장'!$B:$B,MATCH($B96,'간병신청대장'!$A:$A,0)),"")} -> 손정관 | D96: 서향숙 | F96: 010-5886-3972 | G96: 믿음간병 | H96: 010-6619-6019 | J96: 135000 | L96: 2026.05.13 11:00 | M96: 2026.05.23 13:30 | N96: 농협 서향숙 302 6422 3972 01
A97: A0097 | B97: C0108 | C97: {=IFERROR(INDEX('간병신청대장'!$B:$B,MATCH($B97,'간병신청대장'!$A:$A,0)),"")} -> 고복순 | D97: 최승순 | F97: 010-2000-1400 | G97: 참좋은간병 | H97: 010-7144-0028 | J97: 138000 | L97: 2026.04.27 17:00 | M97: 2026.05.10 11:00 | N97: 신한은행 110223593266 (김금순)
A98: A0098 | B98: C0109 | C98: {=IFERROR(INDEX('간병신청대장'!$B:$B,MATCH($B98,'간병신청대장'!$A:$A,0)),"")} -> 구성란 | D98: 정민경 | E98: 721009-2665617 | F98: 010-3053-1451 | J98: 135000 | L98: 2026.04.29 10:00 | M98: 2026.07.07 10:00 | N98: 카카오뱅크 3333 09 4720197 강경원
A99: A0099 | B99: C0110 | C99: {=IFERROR(INDEX('간병신청대장'!$B:$B,MATCH($B99,'간병신청대장'!$A:$A,0)),"")} -> 구성란 | D99: 김경미 | F99: 010-8305-9915 | G99: 개인 | J99: 135000 | L99: 2026.07.07 10:00 | M99: 2026.08.24 16:00 | N99: 신한은행 110-181-205534 김강은(모)
A100: A0100 | B100: C0111 | C100: {=IFERROR(INDEX('간병신청대장'!$B:$B,MATCH($B100,'간병신청대장'!$A:$A,0)),"")} -> 문완모 | D100: 주금열 | E100: 1962년생 | F100: 010-2523-1512 | G100: 간병24 | H100: 010-4384-9413 | J100: 145000 | L100: 2026.05.14 07:00 | M100: 2026.05.15 10:00 | N100: 우리은행 1005 304 803945 간병24 황세옥
...

Sheet 간병신청대장
A1: 신청ID | B1: 고객명 | C1: 성별 | D1: 생년월일 | E1: 연락처 | F1: 시도 | G1: 시군구 | H1: 상세주소 | I1: 원수사 | J1: 증권번호 | K1: 계약일자 | L1: 사고번호 | M1: 손사담당 | N1: 손사연락처 | O1: 손사Fax | P1: 사고발생일 | Q1: 사고유형 | R1: 진단명 | S1: 신청일시 | T1: 시작희망일 | U1: 신청유형 | V1: 예상사용일수 | W1: 현재상태 | X1: 배정간병인수 | Y1: 총지급액 | Z1: 청구건수 | AA1: 미확인청구건수 | AB1: 입금확인금액 | AC1: 추정미수금 | AD1: 간병시작일 | AE1: 마지막청구일 | AF1: 경과일수 | AG1: 청구분류 | AH1: 비고 | AI1: 기준일자→ | AJ1: 46283
A2: C0001 | B2: 김옥경 | C2: 여 | D2: 19661230 | E2: 010-3875-7912 | F2: 울산광역시 | G2: 울주군 | H2: 미근길 133-2 | I2: 현대해상(SCOR) | J2: L02546672401 | K2: 2025.10.23 | L2: 2511201552 | P2: 2025.10.29 | Q2: 질병 | S2: 2025.11.04 | U2: 재택 | V2: 2일 | W2: 완료 | X2: =COUNTIF('간병인배정'!$B:$B,$A2) -> 1 | Y2: =SUMIF('간병비지급'!$B:$B,$A2,'간병비지급'!$I:$I) -> 184000 | Z2: =COUNTIF('보험청구'!$B:$B,$A2) -> 1 | AA2: =COUNTIFS('보험청구'!$B:$B,$A2,'보험청구'!$J:$J,"미확인") -> 0 | AB2: =SUMIF('보험청구'!$B:$B,$A2,'보험청구'!$I:$I) -> 0 | AC2: =SUMIF('보험청구'!$B:$B,$A2,'보험청구'!$L:$L) -> 0 | AF2: =IF($AE2="","",$AJ$1-$AE2) | AG2: =IF(OR($W2="서비스 취소",$W2="서비스취소",$W2="미해당",$W2="예정",$W2=""),"제외",IF(AND($W2="완료",$Z2=0),"미청구(완료·무청구)",IF(AND($W2="진행중",$Z2=0,$AD2<>"",$AJ$1-$AD2>=10),"미청구(청구시작안됨)",IF(AND($W2="진행중",$Z2>0,$AJ$1-$AE2>=10),"미청구(청구지연)","정상")))) -> 정상
A3: C0002 | B3: 박지원 | C3: 여 | D3: 19670204 | E3: 010-2473-2079 | F3: 서울특별시 | G3: 노원구 | H3: 한글비석로 36길 64-5 102호 | I3: 현대해상(SCOR) | J3: L02551003720 | K3: 2025.11.27 | L3: 2512948000 | P3: 2025.12.07 | Q3: 상해 | S3: 2025.12.17 | U3: 재택 | V3: 8일 | W3: 완료 | X3: =COUNTIF('간병인배정'!$B:$B,$A3) -> 1 | Y3: =SUMIF('간병비지급'!$B:$B,$A3,'간병비지급'!$I:$I) -> 640000 | Z3: =COUNTIF('보험청구'!$B:$B,$A3) -> 1 | AA3: =COUNTIFS('보험청구'!$B:$B,$A3,'보험청구'!$J:$J,"미확인") -> 0 | AB3: =SUMIF('보험청구'!$B:$B,$A3,'보험청구'!$I:$I) -> 0 | AC3: =SUMIF('보험청구'!$B:$B,$A3,'보험청구'!$L:$L) -> 0 | AF3: =IF($AE3="","",$AJ$1-$AE3) | AG3: =IF(OR($W3="서비스 취소",$W3="서비스취소",$W3="미해당",$W3="예정",$W3=""),"제외",IF(AND($W3="완료",$Z3=0),"미청구(완료·무청구)",IF(AND($W3="진행중",$Z3=0,$AD3<>"",$AJ$1-$AD3>=10),"미청구(청구시작안됨)",IF(AND($W3="진행중",$Z3>0,$AJ$1-$AE3>=10),"미청구(청구지연)","정상")))) -> 정상 | AH3: 손사담당(솔로몬손해사정) 현장 방문
A4: C0003 | B4: 오채은 | C4: 여 | D4: 19670302 | E4: 010-8731-8863 | F4: 전라남도 | G4: 여수시 | H4: 여서동 주공1차 104동 309호 | I4: 현대해상(SCOR) | P4: 2025.11.09 | Q4: 상해 | S4: 2025.12.26 | U4: 재택 | V4: 1일 | W4: 서비스 취소 | X4: =COUNTIF('간병인배정'!$B:$B,$A4) -> 0 | Y4: =SUMIF('간병비지급'!$B:$B,$A4,'간병비지급'!$I:$I) -> 0 | Z4: =COUNTIF('보험청구'!$B:$B,$A4) -> 0 | AA4: =COUNTIFS('보험청구'!$B:$B,$A4,'보험청구'!$J:$J,"미확인") -> 0 | AB4: =SUMIF('보험청구'!$B:$B,$A4,'보험청구'!$I:$I) -> 0 | AC4: =SUMIF('보험청구'!$B:$B,$A4,'보험청구'!$L:$L) -> 0 | AF4: =IF($AE4="","",$AJ$1-$AE4) | AG4: =IF(OR($W4="서비스 취소",$W4="서비스취소",$W4="미해당",$W4="예정",$W4=""),"제외",IF(AND($W4="완료",$Z4=0),"미청구(완료·무청구)",IF(AND($W4="진행중",$Z4=0,$AD4<>"",$AJ$1-$AD4>=10),"미청구(청구시작안됨)",IF(AND($W4="진행중",$Z4>0,$AJ$1-$AE4>=10),"미청구(청구지연)","정상")))) -> 제외 | AH4: 보험정보 미확인(현대해상)
A5: C0004 | B5: 이성근 | C5: 남 | D5: 19800718 | E5: 010-7187-8718 | F5: 세종특별자치시 | G5: 세종시 | H5: 달빛1로 39 202동 1003호 | I5: 현대해상(SCOR) | J5: L02546188171 | K5: 2025.10.20 | L5: 2601359403 | M5: 국두호 | N5: 02-2181-2707 | P5: 2025.12.18 | Q5: 상해 | S5: 2026.01.06 | U5: 재택 | V5: 17일 | W5: 서비스 취소 | X5: =COUNTIF('간병인배정'!$B:$B,$A5) -> 0 | Y5: =SUMIF('간병비지급'!$B:$B,$A5,'간병비지급'!$I:$I) -> 0 | Z5: =COUNTIF('보험청구'!$B:$B,$A5) -> 0 | AA5: =COUNTIFS('보험청구'!$B:$B,$A5,'보험청구'!$J:$J,"미확인") -> 0 | AB5: =SUMIF('보험청구'!$B:$B,$A5,'보험청구'!$I:$I) -> 0 | AC5: =SUMIF('보험청구'!$B:$B,$A5,'보험청구'!$L:$L) -> 0 | AF5: =IF($AE5="","",$AJ$1-$AE5) | AG5: =IF(OR($W5="서비스 취소",$W5="서비스취소",$W5="미해당",$W5="예정",$W5=""),"제외",IF(AND($W5="완료",$Z5=0),"미청구(완료·무청구)",IF(AND($W5="진행중",$Z5=0,$AD5<>"",$AJ$1-$AD5>=10),"미청구(청구시작안됨)",IF(AND($W5="진행중",$Z5>0,$AJ$1-$AE5>=10),"미청구(청구지연)","정상")))) -> 제외 | AH5: 고객 변심에 의한 취소
A6: C0005 | B6: 엄정현 | C6: 남 | D6: 19751203 | E6: 010-8006-2268 | F6: 강원특별자치도 | G6: 양양군 | H6: 구룡령로 1103-29 | I6: 현대해상(SCOR) | J6: L02525539304 | K6: 2025.10.17 | L6: 2601723805 | M6: 곽주호 | N6: 042-829-1466 | P6: 2026.01.15 | Q6: 상해 | S6: 2026.01.15 | U6: 재택 | V6: 20일 | W6: 완료 | X6: =COUNTIF('간병인배정'!$B:$B,$A6) -> 0 | Y6: =SUMIF('간병비지급'!$B:$B,$A6,'간병비지급'!$I:$I) -> 0 | Z6: =COUNTIF('보험청구'!$B:$B,$A6) -> 2 | AA6: =COUNTIFS('보험청구'!$B:$B,$A6,'보험청구'!$J:$J,"미확인") -> 0 | AB6: =SUMIF('보험청구'!$B:$B,$A6,'보험청구'!$I:$I) -> 0 | AC6: =SUMIF('보험청구'!$B:$B,$A6,'보험청구'!$L:$L) -> 6912000 | AE6: 46223 | AF6: =IF($AE6="","",$AJ$1-$AE6) -> 60 | AG6: =IF(OR($W6="서비스 취소",$W6="서비스취소",$W6="미해당",$W6="예정",$W6=""),"제외",IF(AND($W6="완료",$Z6=0),"미청구(완료·무청구)",IF(AND($W6="진행중",$Z6=0,$AD6<>"",$AJ$1-$AD6>=10),"미청구(청구시작안됨)",IF(AND($W6="진행중",$Z6>0,$AJ$1-$AE6>=10),"미청구(청구지연)","정상")))) -> 정상 | AH6: 고객 사유로 서비스 대기중(02.02부터 예정)
A7: C0006 | B7: 엄정현 | C7: 남 | D7: 19751203 | E7: 010-8006-2268 | F7: 강원특별자치도 | G7: 양양군 | H7: 구룡령로 1103-29 | I7: 현대해상(SCOR) | J7: L02525539304 | K7: 2025.10.17 | L7: 2601723805 | M7: 곽주호 | N7: 042-829-1466 | P7: 2026.01.15 | Q7: 상해 | S7: 2026.01.15 | U7: 재택 | W7: 완료 | X7: =COUNTIF('간병인배정'!$B:$B,$A7) -> 1 | Y7: =SUMIF('간병비지급'!$B:$B,$A7,'간병비지급'!$I:$I) -> 320000 | Z7: =COUNTIF('보험청구'!$B:$B,$A7) -> 1 | AA7: =COUNTIFS('보험청구'!$B:$B,$A7,'보험청구'!$J:$J,"미확인") -> 0 | AB7: =SUMIF('보험청구'!$B:$B,$A7,'보험청구'!$I:$I) -> 0 | AC7: =SUMIF('보험청구'!$B:$B,$A7,'보험청구'!$L:$L) -> 1440000 | AD7: 46224 | AE7: 46094 | AF7: =IF($AE7="","",$AJ$1-$AE7) -> 189 | AG7: =IF(OR($W7="서비스 취소",$W7="서비스취소",$W7="미해당",$W7="예정",$W7=""),"제외",IF(AND($W7="완료",$Z7=0),"미청구(완료·무청구)",IF(AND($W7="진행중",$Z7=0,$AD7<>"",$AJ$1-$AD7>=10),"미청구(청구시작안됨)",IF(AND($W7="진행중",$Z7>0,$AJ$1-$AE7>=10),"미청구(청구지연)","정상")))) -> 정상 | AH7: 고객 사유로 서비스 대기중(02.02부터 예정)
A8: C0007 | B8: 고처자 | C8: 여 | D8: 19490814 | E8: 010-6490-5503 | F8: 전라남도 | G8: 목포시 | H8: 미정 | I8: 현대해상(SCOR) | J8: L02544267102 | K8: 2025.10.01 | L8: 2601965806 | M8: 이상혁 | N8: 02-2181-2717 | P8: 2025.11.29 | Q8: 질병 | S8: 2026.01.19 | U8: 입원 | V8: 30일 | W8: 서비스 취소 | X8: =COUNTIF('간병인배정'!$B:$B,$A8) -> 0 | Y8: =SUMIF('간병비지급'!$B:$B,$A8,'간병비지급'!$I:$I) -> 0 | Z8: =COUNTIF('보험청구'!$B:$B,$A8) -> 0 | AA8: =COUNTIFS('보험청구'!$B:$B,$A8,'보험청구'!$J:$J,"미확인") -> 0 | AB8: =SUMIF('보험청구'!$B:$B,$A8,'보험청구'!$I:$I) -> 0 | AC8: =SUMIF('보험청구'!$B:$B,$A8,'보험청구'!$L:$L) -> 0 | AF8: =IF($AE8="","",$AJ$1-$AE8) | AG8: =IF(OR($W8="서비스 취소",$W8="서비스취소",$W8="미해당",$W8="예정",$W8=""),"제외",IF(AND($W8="완료",$Z8=0),"미청구(완료·무청구)",IF(AND($W8="진행중",$Z8=0,$AD8<>"",$AJ$1-$AD8>=10),"미청구(청구시작안됨)",IF(AND($W8="진행중",$Z8>0,$AJ$1-$AE8>=10),"미청구(청구지연)","정상")))) -> 제외 | AH8: 단가 문제로 매칭 실패
A9: C0008 | B9: 류미선 | C9: 여 | D9: 19730906 | E9: 010-8805-5669 | F9: 대전광역시 | G9: 중구 | H9: 대증로 594길 51 101동 305호 | I9: 현대해상(SCOR) | J9: L02544617364 | K9: 2025.10.02 | L9: 2601B77640 | M9: 이선연 | N9: 02-2181-2713 | O9: 0507-770-6602 | P9: 2026.01.11 | Q9: 상해 | S9: 2026.01.22 | U9: 재택 | V9: 1일 | W9: 완료 | X9: =COUNTIF('간병인배정'!$B:$B,$A9) -> 0 | Y9: =SUMIF('간병비지급'!$B:$B,$A9,'간병비지급'!$I:$I) -> 0 | Z9: =COUNTIF('보험청구'!$B:$B,$A9) -> 1 | AA9: =COUNTIFS('보험청구'!$B:$B,$A9,'보험청구'!$J:$J,"미확인") -> 0 | AB9: =SUMIF('보험청구'!$B:$B,$A9,'보험청구'!$I:$I) -> 86000 | AC9: =SUMIF('보험청구'!$B:$B,$A9,'보험청구'!$L:$L) -> 0 | AE9: 46141 | AF9: =IF($AE9="","",$AJ$1-$AE9) -> 142 | AG9: =IF(OR($W9="서비스 취소",$W9="서비스취소",$W9="미해당",$W9="예정",$W9=""),"제외",IF(AND($W9="완료",$Z9=0),"미청구(완료·무청구)",IF(AND($W9="진행중",$Z9=0,$AD9<>"",$AJ$1-$AD9>=10),"미청구(청구시작안됨)",IF(AND($W9="진행중",$Z9>0,$AJ$1-$AE9>=10),"미청구(청구지연)","정상")))) -> 정상 | AH9: 2026.04.29 서비스제공내역서 발송
A10: C0009 | B10: 이윤진 | C10: 여 | D10: 19690917 | E10: 010-7380-3605 | F10: 서울특별시 | G10: 금천구 | H10: 시흥대로 76길 10 501호 | I10: 현대해상(SCOR) | J10: L02547523447 | K10: 2025.10.29 | L10: 2601B77874 | M10: 이동석 | N10: 042-829-1415 | P10: 2025.12.02 | Q10: 상해 | S10: 2026.01.22 | U10: 재택 | V10: 30일 | W10: 완료 | X10: =COUNTIF('간병인배정'!$B:$B,$A10) -> 1 | Y10: =SUMIF('간병비지급'!$B:$B,$A10,'간병비지급'!$I:$I) -> 240000 | Z10: =COUNTIF('보험청구'!$B:$B,$A10) -> 1 | AA10: =COUNTIFS('보험청구'!$B:$B,$A10,'보험청구'!$J:$J,"미확인") -> 0 | AB10: =SUMIF('보험청구'!$B:$B,$A10,'보험청구'!$I:$I) -> 0 | AC10: =SUMIF('보험청구'!$B:$B,$A10,'보험청구'!$L:$L) -> 0 | AF10: =IF($AE10="","",$AJ$1-$AE10) | AG10: =IF(OR($W10="서비스 취소",$W10="서비스취소",$W10="미해당",$W10="예정",$W10=""),"제외",IF(AND($W10="완료",$Z10=0),"미청구(완료·무청구)",IF(AND($W10="진행중",$Z10=0,$AD10<>"",$AJ$1-$AD10>=10),"미청구(청구시작안됨)",IF(AND($W10="진행중",$Z10>0,$AJ$1-$AE10>=10),"미청구(청구지연)","정상")))) -> 정상
A11: C0010 | B11: 김미영 | C11: 여 | D11: 19740105 | E11: 010-4590-1016 | F11: 경기도 | G11: 강남구 | H11: 강남세브란스병원 | I11: 현대해상(SCOR) | J11: L02550315334 | K11: 2025.11.14 | L11: 2603869925 | M11: 조다혜 | N11: 02-2181-2711 | P11: 2026.03.25 | Q11: 질병 | S11: 2026.03.20 | U11: 입원 | V11: 3일 | W11: 완료 | X11: =COUNTIF('간병인배정'!$B:$B,$A11) -> 1 | Y11: =SUMIF('간병비지급'!$B:$B,$A11,'간병비지급'!$I:$I) -> 0 | Z11: =COUNTIF('보험청구'!$B:$B,$A11) -> 1 | AA11: =COUNTIFS('보험청구'!$B:$B,$A11,'보험청구'!$J:$J,"미확인") -> 0 | AB11: =SUMIF('보험청구'!$B:$B,$A11,'보험청구'!$I:$I) -> 344000 | AC11: =SUMIF('보험청구'!$B:$B,$A11,'보험청구'!$L:$L) -> 0 | AD11: 46106 | AE11: 46111 | AF11: =IF($AE11="","",$AJ$1-$AE11) -> 172 | AG11: =IF(OR($W11="서비스 취소",$W11="서비스취소",$W11="미해당",$W11="예정",$W11=""),"제외",IF(AND($W11="완료",$Z11=0),"미청구(완료·무청구)",IF(AND($W11="진행중",$Z11=0,$AD11<>"",$AJ$1-$AD11>=10),"미청구(청구시작안됨)",IF(AND($W11="진행중",$Z11>0,$AJ$1-$AE11>=10),"미청구(청구지연)","정상")))) -> 정상 | AH11: 퇴원 후 재택까지 연결 필요
A12: C0011 | B12: 김미영 | C12: 여 | D12: 19740105 | E12: 010-4590-1016 | F12: 경기도 | G12: 성남시 | H12: 중원구 은행동 1705 청호빌라 301호 | I12: 현대해상(SCOR) | J12: L02550315334 | K12: 2025.11.14 | L12: 2603869925 | M12: 조다혜 | N12: 02-2181-2711 | P12: 2026.03.25 | Q12: 질병 | S12: 2026.03.20 | U12: 재택 | V12: 3일 | W12: 완료 | X12: =COUNTIF('간병인배정'!$B:$B,$A12) -> 0 | Y12: =SUMIF('간병비지급'!$B:$B,$A12,'간병비지급'!$I:$I) -> 0 | Z12: =COUNTIF('보험청구'!$B:$B,$A12) -> 1 | AA12: =COUNTIFS('보험청구'!$B:$B,$A12,'보험청구'!$J:$J,"미확인") -> 0 | AB12: =SUMIF('보험청구'!$B:$B,$A12,'보험청구'!$I:$I) -> 620000 | AC12: =SUMIF('보험청구'!$B:$B,$A12,'보험청구'!$L:$L) -> 0 | AD12: 46111 | AE12: 46114 | AF12: =IF($AE12="","",$AJ$1-$AE12) -> 169 | AG12: =IF(OR($W12="서비스 취소",$W12="서비스취소",$W12="미해당",$W12="예정",$W12=""),"제외",IF(AND($W12="완료",$Z12=0),"미청구(완료·무청구)",IF(AND($W12="진행중",$Z12=0,$AD12<>"",$AJ$1-$AD12>=10),"미청구(청구시작안됨)",IF(AND($W12="진행중",$Z12>0,$AJ$1-$AE12>=10),"미청구(청구지연)","정상")))) -> 정상
A13: C0012 | B13: 성정주 | D13: 19541118 | E13: 010-9111-7027 | F13: 서울특별시 | G13: 강서구 | H13: 큰나무병원 | I13: 현대해상 | J13: L02214738666 | L13: 2509387828 | M13: 최지혜 인나현 | N13: 051-602-5757 02-2181-2369 | Q13: 질병 | S13: 2025.09.13 | U13: 입원 | V13: 1달 | W13: 완료 | X13: =COUNTIF('간병인배정'!$B:$B,$A13) -> 1 | Y13: =SUMIF('간병비지급'!$B:$B,$A13,'간병비지급'!$I:$I) -> 9855000 | Z13: =COUNTIF('보험청구'!$B:$B,$A13) -> 8 | AA13: =COUNTIFS('보험청구'!$B:$B,$A13,'보험청구'!$J:$J,"미확인") -> 0 | AB13: =SUMIF('보험청구'!$B:$B,$A13,'보험청구'!$I:$I) -> 9855000 | AC13: =SUMIF('보험청구'!$B:$B,$A13,'보험청구'!$L:$L) -> 0 | AD13: 46113 | AE13: 46186 | AF13: =IF($AE13="","",$AJ$1-$AE13) -> 97 | AG13: =IF(OR($W13="서비스 취소",$W13="서비스취소",$W13="미해당",$W13="예정",$W13=""),"제외",IF(AND($W13="완료",$Z13=0),"미청구(완료·무청구)",IF(AND($W13="진행중",$Z13=0,$AD13<>"",$AJ$1-$AD13>=10),"미청구(청구시작안됨)",IF(AND($W13="진행중",$Z13>0,$AJ$1-$AE13>=10),"미청구(청구지연)","정상")))) -> 정상 | AH13: 2026.06.10 기준 65일 잔여한도 (08.13일 완료일
A14: C0013 | B14: 김순년 | C14: 여 | D14: 19530909 | E14: 010-6474-0035 | F14: 대전광역시 | G14: 중구 | H14: 대전보람요양병원 | I14: 현대해상 | J14: L02209995449 | L14: 2511844861 | M14: 조윤 | N14: 02-2181-2587 | Q14: 질병 | S14: 2025.11.22 | U14: 입원 | V14: 4개월 | W14: 완료 | X14: =COUNTIF('간병인배정'!$B:$B,$A14) -> 1 | Y14: =SUMIF('간병비지급'!$B:$B,$A14,'간병비지급'!$I:$I) -> 390000 | Z14: =COUNTIF('보험청구'!$B:$B,$A14) -> 1 | AA14: =COUNTIFS('보험청구'!$B:$B,$A14,'보험청구'!$J:$J,"미확인") -> 0 | AB14: =SUMIF('보험청구'!$B:$B,$A14,'보험청구'!$I:$I) -> 387000 | AC14: =SUMIF('보험청구'!$B:$B,$A14,'보험청구'!$L:$L) -> 0 | AD14: 46113 | AE14: 46116 | AF14: =IF($AE14="","",$AJ$1-$AE14) -> 167 | AG14: =IF(OR($W14="서비스 취소",$W14="서비스취소",$W14="미해당",$W14="예정",$W14=""),"제외",IF(AND($W14="완료",$Z14=0),"미청구(완료·무청구)",IF(AND($W14="진행중",$Z14=0,$AD14<>"",$AJ$1-$AD14>=10),"미청구(청구시작안됨)",IF(AND($W14="진행중",$Z14>0,$AJ$1-$AE14>=10),"미청구(청구지연)","정상")))) -> 정상 | AH14: 퇴원
A15: C0014 | B15: 차정옥 | C15: 여 | D15: 19490415 | E15: 010-7574-1088 | F15: 전북특별자치도 | G15: 전주시 | H15: 더세움병원 | I15: 현대해상 | J15: L02151679013 | L15: 2511845962 | M15: 임동기 | N15: 042-829-1485 | Q15: 질병 | S15: 2025.12.01 | U15: 입원 | V15: 4개월 | W15: 완료 | X15: =COUNTIF('간병인배정'!$B:$B,$A15) -> 1 | Y15: =SUMIF('간병비지급'!$B:$B,$A15,'간병비지급'!$I:$I) -> 7800000 | Z15: =COUNTIF('보험청구'!$B:$B,$A15) -> 6 | AA15: =COUNTIFS('보험청구'!$B:$B,$A15,'보험청구'!$J:$J,"미확인") -> 0 | AB15: =SUMIF('보험청구'!$B:$B,$A15,'보험청구'!$I:$I) -> 7740000 | AC15: =SUMIF('보험청구'!$B:$B,$A15,'보험청구'!$L:$L) -> 0 | AD15: 46113 | AE15: 46173 | AF15: =IF($AE15="","",$AJ$1-$AE15) -> 110 | AG15: =IF(OR($W15="서비스 취소",$W15="서비스취소",$W15="미해당",$W15="예정",$W15=""),"제외",IF(AND($W15="완료",$Z15=0),"미청구(완료·무청구)",IF(AND($W15="진행중",$Z15=0,$AD15<>"",$AJ$1-$AD15>=10),"미청구(청구시작안됨)",IF(AND($W15="진행중",$Z15>0,$AJ$1-$AE15>=10),"미청구(청구지연)","정상")))) -> 정상
A16: C0015 | B16: 이춘자 | C16: 여 | D16: 19440326 | E16: 010-2755-8701 | F16: 전북특별자치도 | G16: 군산시 | H16: 참사랑요양병원 | I16: 현대해상 | J16: L02236920806 | L16: 2512947460 | M16: 황상하 | N16: 042-829-1490 | Q16: 상해 | S16: 2025.12.09 | U16: 입원 | V16: 장기예상 | W16: 완료 | X16: =COUNTIF('간병인배정'!$B:$B,$A16) -> 1 | Y16: =SUMIF('간병비지급'!$B:$B,$A16,'간병비지급'!$I:$I) -> 9590000 | Z16: =COUNTIF('보험청구'!$B:$B,$A16) -> 7 | AA16: =COUNTIFS('보험청구'!$B:$B,$A16,'보험청구'!$J:$J,"미확인") -> 0 | AB16: =SUMIF('보험청구'!$B:$B,$A16,'보험청구'!$I:$I) -> 0 | AC16: =SUMIF('보험청구'!$B:$B,$A16,'보험청구'!$L:$L) -> 9798000 | AD16: 46045 | AE16: 46181 | AF16: =IF($AE16="","",$AJ$1-$AE16) -> 102 | AG16: =IF(OR($W16="서비스 취소",$W16="서비스취소",$W16="미해당",$W16="예정",$W16=""),"제외",IF(AND($W16="완료",$Z16=0),"미청구(완료·무청구)",IF(AND($W16="진행중",$Z16=0,$AD16<>"",$AJ$1-$AD16>=10),"미청구(청구시작안됨)",IF(AND($W16="진행중",$Z16>0,$AJ$1-$AE16>=10),"미청구(청구지연)","정상")))) -> 정상 | AH16: 기존 진행
A17: C0016 | B17: 이정옥 | C17: 여 | D17: 19630306 | E17: 010-3652-3111 | F17: 경기도 | G17: 화성시 | H17: 화성한방병원 | I17: 현대해상 | J17: L02142718057 | L17: 2602691264 | M17: 목승신 | N17: 02-2181-2508 | Q17: 질병 | S17: 2026.02.13 | U17: 입원 | V17: 미정 | W17: 서비스 취소 | X17: =COUNTIF('간병인배정'!$B:$B,$A17) -> 0 | Y17: =SUMIF('간병비지급'!$B:$B,$A17,'간병비지급'!$I:$I) -> 0 | Z17: =COUNTIF('보험청구'!$B:$B,$A17) -> 0 | AA17: =COUNTIFS('보험청구'!$B:$B,$A17,'보험청구'!$J:$J,"미확인") -> 0 | AB17: =SUMIF('보험청구'!$B:$B,$A17,'보험청구'!$I:$I) -> 0 | AC17: =SUMIF('보험청구'!$B:$B,$A17,'보험청구'!$L:$L) -> 0 | AF17: =IF($AE17="","",$AJ$1-$AE17) | AG17: =IF(OR($W17="서비스 취소",$W17="서비스취소",$W17="미해당",$W17="예정",$W17=""),"제외",IF(AND($W17="완료",$Z17=0),"미청구(완료·무청구)",IF(AND($W17="진행중",$Z17=0,$AD17<>"",$AJ$1-$AD17>=10),"미청구(청구시작안됨)",IF(AND($W17="진행중",$Z17>0,$AJ$1-$AE17>=10),"미청구(청구지연)","정상")))) -> 제외
A18: C0017 | B18: 심윤주 | C18: 여 | D18: 19620928 | E18: 010-4632-2336 | F18: 전북특별자치도 | G18: 익산시 | H18: 엔젤요양병원 | I18: 현대해상 | J18: L02113980640 | L18: 2602874418 | M18: 김경희 | N18: 02-2181-2714 02-2181-2563 | O18: 문나영 | P18: 051-602-5750 | Q18: 질병 | S18: 2026.02.21 | U18: 입원 | V18: 장기예상 | W18: 완료 | X18: =COUNTIF('간병인배정'!$B:$B,$A18) -> 1 | Y18: =SUMIF('간병비지급'!$B:$B,$A18,'간병비지급'!$I:$I) -> 18675000 | Z18: =COUNTIF('보험청구'!$B:$B,$A18) -> 16 | AA18: =COUNTIFS('보험청구'!$B:$B,$A18,'보험청구'!$J:$J,"미확인") -> 0 | AB18: =SUMIF('보험청구'!$B:$B,$A18,'보험청구'!$I:$I) -> 17980000 | AC18: =SUMIF('보험청구'!$B:$B,$A18,'보험청구'!$L:$L) -> 1240000 | AD18: 46113 | AE18: 46244 | AF18: =IF($AE18="","",$AJ$1-$AE18) -> 39 | AG18: =IF(OR($W18="서비스 취소",$W18="서비스취소",$W18="미해당",$W18="예정",$W18=""),"제외",IF(AND($W18="완료",$Z18=0),"미청구(완료·무청구)",IF(AND($W18="진행중",$Z18=0,$AD18<>"",$AJ$1-$AD18>=10),"미청구(청구시작안됨)",IF(AND($W18="진행중",$Z18>0,$AJ$1-$AE18>=10),"미청구(청구지연)","정상")))) -> 정상 | AH18: 2026.06.10 기준 100일 잔여한도 (09.18일 완료일/8월23일 간병끝남 /824일과25일청구완료
A19: C0018 | B19: 김진선 | D19: 19490913 | E19: 010-8203-4022 | F19: 경상북도 | G19: 포함시 | H19: 우리연합병원 | I19: 현대해상 | J19: L02200229540 | L19: 2603142073 | M19: 허지승 | N19: 051-602-5726 | Q19: 상해 | S19: 2026.03.14 | U19: 입원 | V19: 2주 | W19: 완료 | X19: =COUNTIF('간병인배정'!$B:$B,$A19) -> 1 | Y19: =SUMIF('간병비지급'!$B:$B,$A19,'간병비지급'!$I:$I) -> 730000 | Z19: =COUNTIF('보험청구'!$B:$B,$A19) -> 1 | AA19: =COUNTIFS('보험청구'!$B:$B,$A19,'보험청구'!$J:$J,"미확인") -> 0 | AB19: =SUMIF('보험청구'!$B:$B,$A19,'보험청구'!$I:$I) -> 864000 | AC19: =SUMIF('보험청구'!$B:$B,$A19,'보험청구'!$L:$L) -> 0 | AD19: 46113 | AE19: 46118 | AF19: =IF($AE19="","",$AJ$1-$AE19) -> 165 | AG19: =IF(OR($W19="서비스 취소",$W19="서비스취소",$W19="미해당",$W19="예정",$W19=""),"제외",IF(AND($W19="완료",$Z19=0),"미청구(완료·무청구)",IF(AND($W19="진행중",$Z19=0,$AD19<>"",$AJ$1-$AD19>=10),"미청구(청구시작안됨)",IF(AND($W19="진행중",$Z19>0,$AJ$1-$AE19>=10),"미청구(청구지연)","정상")))) -> 정상 | AH19: 신규 채용
A20: C0019 | B20: 김진선 | D20: 19490913 | E20: 010-8203-4022 | F20: 대구광역시 | G20: 남구 | H20: 대구가톨릭병원 | I20: 현대해상 | J20: L02200229540 | L20: 2603142073 | M20: 허지승 | N20: 051-602-5726 | Q20: 상해 | S20: 2026.03.14 | U20: 입원 | V20: 2주 | W20: 완료 | X20: =COUNTIF('간병인배정'!$B:$B,$A20) -> 1 | Y20: =SUMIF('간병비지급'!$B:$B,$A20,'간병비지급'!$I:$I) -> 840000 | Z20: =COUNTIF('보험청구'!$B:$B,$A20) -> 1 | AA20: =COUNTIFS('보험청구'!$B:$B,$A20,'보험청구'!$J:$J,"미확인") -> 0 | AB20: =SUMIF('보험청구'!$B:$B,$A20,'보험청구'!$I:$I) -> 864000 | AC20: =SUMIF('보험청구'!$B:$B,$A20,'보험청구'!$L:$L) -> 0 | AD20: 46118 | AE20: 46124 | AF20: =IF($AE20="","",$AJ$1-$AE20) -> 159 | AG20: =IF(OR($W20="서비스 취소",$W20="서비스취소",$W20="미해당",$W20="예정",$W20=""),"제외",IF(AND($W20="완료",$Z20=0),"미청구(완료·무청구)",IF(AND($W20="진행중",$Z20=0,$AD20<>"",$AJ$1-$AD20>=10),"미청구(청구시작안됨)",IF(AND($W20="진행중",$Z20>0,$AJ$1-$AE20>=10),"미청구(청구지연)","정상")))) -> 정상
A21: C0022 | B21: 김진선 | D21: 19490913 | E21: 010-8203-4022 | F21: 대구광역시 | G21: 남구 | H21: 전인병원 | I21: 현대해상 | J21: L02200229540 | L21: 2603142073 | M21: 허지승 | N21: 051-602-5726 | Q21: 상해 | S21: 2026.03.14 | U21: 입원 | V21: 2주 | W21: 완료 | X21: =COUNTIF('간병인배정'!$B:$B,$A21) -> 1 | Y21: =SUMIF('간병비지급'!$B:$B,$A21,'간병비지급'!$I:$I) -> 1120000 | Z21: =COUNTIF('보험청구'!$B:$B,$A21) -> 2 | AA21: =COUNTIFS('보험청구'!$B:$B,$A21,'보험청구'!$J:$J,"미확인") -> 0 | AB21: =SUMIF('보험청구'!$B:$B,$A21,'보험청구'!$I:$I) -> 1152000 | AC21: =SUMIF('보험청구'!$B:$B,$A21,'보험청구'!$L:$L) -> 0 | AD21: 46126 | AE21: 46162 | AF21: =IF($AE21="","",$AJ$1-$AE21) -> 121 | AG21: =IF(OR($W21="서비스 취소",$W21="서비스취소",$W21="미해당",$W21="예정",$W21=""),"제외",IF(AND($W21="완료",$Z21=0),"미청구(완료·무청구)",IF(AND($W21="진행중",$Z21=0,$AD21<>"",$AJ$1-$AD21>=10),"미청구(청구시작안됨)",IF(AND($W21="진행중",$Z21>0,$AJ$1-$AE21>=10),"미청구(청구지연)","정상")))) -> 정상
A22: C0023 | B22: 김진선 | D22: 19490913 | E22: 010-8203-4022 | F22: 대구광역시 | G22: 남구 | H22: 카톨릭대학교 병원 | I22: 현대해상 | J22: L02200229540 | L22: 2603142073 | M22: 허지승 | N22: 051-602-5726 | Q22: 상해 | S22: 2026.03.14 | U22: 입원 | V22: 2주 | W22: 완료 | X22: =COUNTIF('간병인배정'!$B:$B,$A22) -> 1 | Y22: =SUMIF('간병비지급'!$B:$B,$A22,'간병비지급'!$I:$I) -> 700000 | Z22: =COUNTIF('보험청구'!$B:$B,$A22) -> 1 | AA22: =COUNTIFS('보험청구'!$B:$B,$A22,'보험청구'!$J:$J,"미확인") -> 0 | AB22: =SUMIF('보험청구'!$B:$B,$A22,'보험청구'!$I:$I) -> 576000 | AC22: =SUMIF('보험청구'!$B:$B,$A22,'보험청구'!$L:$L) -> 0 | AD22: 46132 | AE22: 46136 | AF22: =IF($AE22="","",$AJ$1-$AE22) -> 147 | AG22: =IF(OR($W22="서비스 취소",$W22="서비스취소",$W22="미해당",$W22="예정",$W22=""),"제외",IF(AND($W22="완료",$Z22=0),"미청구(완료·무청구)",IF(AND($W22="진행중",$Z22=0,$AD22<>"",$AJ$1-$AD22>=10),"미청구(청구시작안됨)",IF(AND($W22="진행중",$Z22>0,$AJ$1-$AE22>=10),"미청구(청구지연)","정상")))) -> 정상
A23: C0024 | B23: 김진선 | D23: 19490913 | E23: 010-8203-4022 | F23: 대구광역시 | G23: 남구 | H23: 전인병원 | I23: 현대해상 | J23: L02200229540 | L23: 2603142073 | M23: 허지승 | N23: 051-602-5726 | Q23: 상해 | S23: 2026.03.14 | U23: 입원 | V23: 2주 | W23: 완료 | X23: =COUNTIF('간병인배정'!$B:$B,$A23) -> 1 | Y23: =SUMIF('간병비지급'!$B:$B,$A23,'간병비지급'!$I:$I) -> 2100000 | Z23: =COUNTIF('보험청구'!$B:$B,$A23) -> 2 | AA23: =COUNTIFS('보험청구'!$B:$B,$A23,'보험청구'!$J:$J,"미확인") -> 0 | AB23: =SUMIF('보험청구'!$B:$B,$A23,'보험청구'!$I:$I) -> 1728000 | AC23: =SUMIF('보험청구'!$B:$B,$A23,'보험청구'!$L:$L) -> 0 | AD23: 46136 | AE23: 46148 | AF23: =IF($AE23="","",$AJ$1-$AE23) -> 135 | AG23: =IF(OR($W23="서비스 취소",$W23="서비스취소",$W23="미해당",$W23="예정",$W23=""),"제외",IF(AND($W23="완료",$Z23=0),"미청구(완료·무청구)",IF(AND($W23="진행중",$Z23=0,$AD23<>"",$AJ$1-$AD23>=10),"미청구(청구시작안됨)",IF(AND($W23="진행중",$Z23>0,$AJ$1-$AE23>=10),"미청구(청구지연)","정상")))) -> 정상
A24: C0025 | B24: 김진선 | D24: 19490913 | E24: 010-8203-4022 | F24: 대구광역시 | G24: 남구 | H24: 카톨릭대학교 병원 | I24: 현대해상 | J24: L02200229540 | L24: 2603142073 | M24: 허지승 | N24: 051-602-5726 | Q24: 상해 | S24: 2026.03.14 | U24: 입원 | V24: 2주 | W24: 완료 | X24: =COUNTIF('간병인배정'!$B:$B,$A24) -> 1 | Y24: =SUMIF('간병비지급'!$B:$B,$A24,'간병비지급'!$I:$I) -> 280000 | Z24: =COUNTIF('보험청구'!$B:$B,$A24) -> 1 | AA24: =COUNTIFS('보험청구'!$B:$B,$A24,'보험청구'!$J:$J,"미확인") -> 0 | AB24: =SUMIF('보험청구'!$B:$B,$A24,'보험청구'!$I:$I) -> 0 | AC24: =SUMIF('보험청구'!$B:$B,$A24,'보험청구'!$L:$L) -> 0 | AD24: 46148 | AF24: =IF($AE24="","",$AJ$1-$AE24) | AG24: =IF(OR($W24="서비스 취소",$W24="서비스취소",$W24="미해당",$W24="예정",$W24=""),"제외",IF(AND($W24="완료",$Z24=0),"미청구(완료·무청구)",IF(AND($W24="진행중",$Z24=0,$AD24<>"",$AJ$1-$AD24>=10),"미청구(청구시작안됨)",IF(AND($W24="진행중",$Z24>0,$AJ$1-$AE24>=10),"미청구(청구지연)","정상")))) -> 정상
A25: C0026 | B25: 김진선 | D25: 19490913 | E25: 010-8203-4022 | F25: 대구광역시 | G25: 남구 | H25: 전인병원 | I25: 현대해상 | J25: L02200229540 | L25: 2603142073 | M25: 허지승 | N25: 051-602-5726 | Q25: 상해 | S25: 2026.03.14 | U25: 입원 | V25: 2주 | W25: 완료 | X25: =COUNTIF('간병인배정'!$B:$B,$A25) -> 1 | Y25: =SUMIF('간병비지급'!$B:$B,$A25,'간병비지급'!$I:$I) -> 560000 | Z25: =COUNTIF('보험청구'!$B:$B,$A25) -> 1 | AA25: =COUNTIFS('보험청구'!$B:$B,$A25,'보험청구'!$J:$J,"미확인") -> 0 | AB25: =SUMIF('보험청구'!$B:$B,$A25,'보험청구'!$I:$I) -> 0 | AC25: =SUMIF('보험청구'!$B:$B,$A25,'보험청구'!$L:$L) -> 0 | AD25: 46154 | AF25: =IF($AE25="","",$AJ$1-$AE25) | AG25: =IF(OR($W25="서비스 취소",$W25="서비스취소",$W25="미해당",$W25="예정",$W25=""),"제외",IF(AND($W25="완료",$Z25=0),"미청구(완료·무청구)",IF(AND($W25="진행중",$Z25=0,$AD25<>"",$AJ$1-$AD25>=10),"미청구(청구시작안됨)",IF(AND($W25="진행중",$Z25>0,$AJ$1-$AE25>=10),"미청구(청구지연)","정상")))) -> 정상
A26: C0027 | B26: 권영술 | D26: 19590327 | E26: 010-3870-8864 | F26: 충청남도 | G26: 천안시 | H26: 천안단국대학교병원 | I26: 현대해상 | J26: L02200115556 | L26: 2603224746 | M26: 이성규 | N26: 062-602-3957 | Q26: 질병 | S26: 2026.03.13 | U26: 입원 | V26: 장기예상 | W26: 완료 | X26: =COUNTIF('간병인배정'!$B:$B,$A26) -> 1 | Y26: =SUMIF('간병비지급'!$B:$B,$A26,'간병비지급'!$I:$I) -> 1170000 | Z26: =COUNTIF('보험청구'!$B:$B,$A26) -> 1 | AA26: =COUNTIFS('보험청구'!$B:$B,$A26,'보험청구'!$J:$J,"미확인") -> 0 | AB26: =SUMIF('보험청구'!$B:$B,$A26,'보험청구'!$I:$I) -> 1626000 | AC26: =SUMIF('보험청구'!$B:$B,$A26,'보험청구'!$L:$L) -> 0 | AD26: 46112 | AE26: 46122 | AF26: =IF($AE26="","",$AJ$1-$AE26) -> 161 | AG26: =IF(OR($W26="서비스 취소",$W26="서비스취소",$W26="미해당",$W26="예정",$W26=""),"제외",IF(AND($W26="완료",$Z26=0),"미청구(완료·무청구)",IF(AND($W26="진행중",$Z26=0,$AD26<>"",$AJ$1-$AD26>=10),"미청구(청구시작안됨)",IF(AND($W26="진행중",$Z26>0,$AJ$1-$AE26>=10),"미청구(청구지연)","정상")))) -> 정상 | AH26: 신규 채용
A27: C0028 | B27: 김진선 | D27: 19490913 | E27: 010-8203-4022 | F27: 대구광역시 | G27: 남구 | H27: 카톨릭대학교 병원 | I27: 현대해상 | J27: L02200229540 | L27: 2603142073 | M27: 허지승 | N27: 051-602-5726 | Q27: 상해 | S27: 2026.03.14 | U27: 입원 | V27: 2주 | W27: 완료 | X27: =COUNTIF('간병인배정'!$B:$B,$A27) -> 1 | Y27: =SUMIF('간병비지급'!$B:$B,$A27,'간병비지급'!$I:$I) -> 560000 | Z27: =COUNTIF('보험청구'!$B:$B,$A27) -> 1 | AA27: =COUNTIFS('보험청구'!$B:$B,$A27,'보험청구'!$J:$J,"미확인") -> 0 | AB27: =SUMIF('보험청구'!$B:$B,$A27,'보험청구'!$I:$I) -> 0 | AC27: =SUMIF('보험청구'!$B:$B,$A27,'보험청구'!$L:$L) -> 0 | AD27: 46158 | AF27: =IF($AE27="","",$AJ$1-$AE27) | AG27: =IF(OR($W27="서비스 취소",$W27="서비스취소",$W27="미해당",$W27="예정",$W27=""),"제외",IF(AND($W27="완료",$Z27=0),"미청구(완료·무청구)",IF(AND($W27="진행중",$Z27=0,$AD27<>"",$AJ$1-$AD27>=10),"미청구(청구시작안됨)",IF(AND($W27="진행중",$Z27>0,$AJ$1-$AE27>=10),"미청구(청구지연)","정상")))) -> 정상 | AH27: 정상종료건 / 총 지급일/청구일 비교 필요
A28: C0029 | B28: 김진선 | D28: 19490913 | E28: 010-8203-4022 | F28: 대구광역시 | G28: 남구 | H28: 전인병원 | I28: 현대해상 | J28: L02200229540 | L28: 2606033391 | N28: 042-602-7053 | Q28: 질병 | S28: 2026.03.14 | U28: 입원 | W28: 완료 | X28: =COUNTIF('간병인배정'!$B:$B,$A28) -> 1 | Y28: =SUMIF('간병비지급'!$B:$B,$A28,'간병비지급'!$I:$I) -> 2940000 | Z28: =COUNTIF('보험청구'!$B:$B,$A28) -> 2 | AA28: =COUNTIFS('보험청구'!$B:$B,$A28,'보험청구'!$J:$J,"미확인") -> 0 | AB28: =SUMIF('보험청구'!$B:$B,$A28,'보험청구'!$I:$I) -> 2880000 | AC28: =SUMIF('보험청구'!$B:$B,$A28,'보험청구'!$L:$L) -> 0 | AD28: 46162 | AE28: 46168 | AF28: =IF($AE28="","",$AJ$1-$AE28) -> 115 | AG28: =IF(OR($W28="서비스 취소",$W28="서비스취소",$W28="미해당",$W28="예정",$W28=""),"제외",IF(AND($W28="완료",$Z28=0),"미청구(완료·무청구)",IF(AND($W28="진행중",$Z28=0,$AD28<>"",$AJ$1-$AD28>=10),"미청구(청구시작안됨)",IF(AND($W28="진행중",$Z28>0,$AJ$1-$AE28>=10),"미청구(청구지연)","정상")))) -> 정상
A29: C0030 | B29: 김진선 | D29: 19490913 | E29: 010-8203-4022 | F29: 대구광역시 | G29: 남구 | H29: 카톨릭대학교 병원 | I29: 현대해상 | J29: L02200229540 | L29: 2606033391 | N29: 042-602-7053 | Q29: 질병 | S29: 2026.03.14 | U29: 입원 | W29: 완료 | X29: =COUNTIF('간병인배정'!$B:$B,$A29) -> 1 | Y29: =SUMIF('간병비지급'!$B:$B,$A29,'간병비지급'!$I:$I) -> 0 | Z29: =COUNTIF('보험청구'!$B:$B,$A29) -> 2 | AA29: =COUNTIFS('보험청구'!$B:$B,$A29,'보험청구'!$J:$J,"미확인") -> 0 | AB29: =SUMIF('보험청구'!$B:$B,$A29,'보험청구'!$I:$I) -> 1008000 | AC29: =SUMIF('보험청구'!$B:$B,$A29,'보험청구'!$L:$L) -> 0 | AD29: 46168 | AE29: 46175 | AF29: =IF($AE29="","",$AJ$1-$AE29) -> 108 | AG29: =IF(OR($W29="서비스 취소",$W29="서비스취소",$W29="미해당",$W29="예정",$W29=""),"제외",IF(AND($W29="완료",$Z29=0),"미청구(완료·무청구)",IF(AND($W29="진행중",$Z29=0,$AD29<>"",$AJ$1-$AD29>=10),"미청구(청구시작안됨)",IF(AND($W29="진행중",$Z29>0,$AJ$1-$AE29>=10),"미청구(청구지연)","정상")))) -> 정상
A30: C0031 | B30: 김진선 | D30: 19490913 | E30: 010-8203-4022 | F30: 대구광역시 | G30: 남구 | H30: 전인병원 | I30: 현대해상 | J30: L02200229540 | L30: 2606033391 | N30: 042-602-7053 | Q30: 질병 | S30: 2026.03.14 | U30: 입원 | W30: 완료 | X30: =COUNTIF('간병인배정'!$B:$B,$A30) -> 1 | Y30: =SUMIF('간병비지급'!$B:$B,$A30,'간병비지급'!$I:$I) -> 840000 | Z30: =COUNTIF('보험청구'!$B:$B,$A30) -> 2 | AA30: =COUNTIFS('보험청구'!$B:$B,$A30,'보험청구'!$J:$J,"미확인") -> 0 | AB30: =SUMIF('보험청구'!$B:$B,$A30,'보험청구'!$I:$I) -> 2016000 | AC30: =SUMIF('보험청구'!$B:$B,$A30,'보험청구'!$L:$L) -> 0 | AD30: 46175 | AE30: 46188 | AF30: =IF($AE30="","",$AJ$1-$AE30) -> 95 | AG30: =IF(OR($W30="서비스 취소",$W30="서비스취소",$W30="미해당",$W30="예정",$W30=""),"제외",IF(AND($W30="완료",$Z30=0),"미청구(완료·무청구)",IF(AND($W30="진행중",$Z30=0,$AD30<>"",$AJ$1-$AD30>=10),"미청구(청구시작안됨)",IF(AND($W30="진행중",$Z30>0,$AJ$1-$AE30>=10),"미청구(청구지연)","정상")))) -> 정상
A31: C0032 | B31: 김진선 | D31: 19490913 | E31: 010-8203-4022 | F31: 대구광역시 | G31: 남구 | H31: 전인병원 | I31: 현대해상 | J31: L02200229540 | L31: 2606033391 | N31: 042-602-7053 | Q31: 질병 | S31: 2026.03.14 | U31: 입원 | W31: 완료 | X31: =COUNTIF('간병인배정'!$B:$B,$A31) -> 1 | Y31: =SUMIF('간병비지급'!$B:$B,$A31,'간병비지급'!$I:$I) -> 420000 | Z31: =COUNTIF('보험청구'!$B:$B,$A31) -> 1 | AA31: =COUNTIFS('보험청구'!$B:$B,$A31,'보험청구'!$J:$J,"미확인") -> 0 | AB31: =SUMIF('보험청구'!$B:$B,$A31,'보험청구'!$I:$I) -> 576000 | AC31: =SUMIF('보험청구'!$B:$B,$A31,'보험청구'!$L:$L) -> 0 | AD31: 46189 | AE31: 46192 | AF31: =IF($AE31="","",$AJ$1-$AE31) -> 91 | AG31: =IF(OR($W31="서비스 취소",$W31="서비스취소",$W31="미해당",$W31="예정",$W31=""),"제외",IF(AND($W31="완료",$Z31=0),"미청구(완료·무청구)",IF(AND($W31="진행중",$Z31=0,$AD31<>"",$AJ$1-$AD31>=10),"미청구(청구시작안됨)",IF(AND($W31="진행중",$Z31>0,$AJ$1-$AE31>=10),"미청구(청구지연)","정상")))) -> 정상
A32: C0033 | B32: 김진선 | D32: 19490913 | E32: 010-8203-4022 | F32: 대구광역시 | G32: 남구 | H32: 전인병원 | I32: 현대해상 | J32: L02200229540 | L32: 2606033391 | M32: 이규섭 | N32: 042-602-7053 | O32: 0507-770-5744 | Q32: 질병 | S32: 2026.03.14 | U32: 입원 | W32: 완료 | X32: =COUNTIF('간병인배정'!$B:$B,$A32) -> 1 | Y32: =SUMIF('간병비지급'!$B:$B,$A32,'간병비지급'!$I:$I) -> 2800000 | Z32: =COUNTIF('보험청구'!$B:$B,$A32) -> 3 | AA32: =COUNTIFS('보험청구'!$B:$B,$A32,'보험청구'!$J:$J,"미확인") -> 0 | AB32: =SUMIF('보험청구'!$B:$B,$A32,'보험청구'!$I:$I) -> 3456000 | AC32: =SUMIF('보험청구'!$B:$B,$A32,'보험청구'!$L:$L) -> 0 | AD32: 46193 | AE32: 46217 | AF32: =IF($AE32="","",$AJ$1-$AE32) -> 66 | AG32: =IF(OR($W32="서비스 취소",$W32="서비스취소",$W32="미해당",$W32="예정",$W32=""),"제외",IF(AND($W32="완료",$Z32=0),"미청구(완료·무청구)",IF(AND($W32="진행중",$Z32=0,$AD32<>"",$AJ$1-$AD32>=10),"미청구(청구시작안됨)",IF(AND($W32="진행중",$Z32>0,$AJ$1-$AE32>=10),"미청구(청구지연)","정상")))) -> 정상
A33: C0034 | B33: 김진선 | D33: 19490913 | E33: 010-8203-4022 | F33: 대구광역시 | G33: 남구 | H33: 카톨릭대학교 병원 | I33: 현대해상 | J33: L02200229540 | L33: 2606033391 | M33: 이규섭 | N33: 042-602-7053 | O33: 0507-770-5744 | Q33: 질병 | S33: 2026.03.14 | U33: 입원 | W33: 완료 | X33: =COUNTIF('간병인배정'!$B:$B,$A33) -> 1 | Y33: =SUMIF('간병비지급'!$B:$B,$A33,'간병비지급'!$I:$I) -> 1400000 | Z33: =COUNTIF('보험청구'!$B:$B,$A33) -> 2 | AA33: =COUNTIFS('보험청구'!$B:$B,$A33,'보험청구'!$J:$J,"미확인") -> 0 | AB33: =SUMIF('보험청구'!$B:$B,$A33,'보험청구'!$I:$I) -> 2016000 | AC33: =SUMIF('보험청구'!$B:$B,$A33,'보험청구'!$L:$L) -> 0 | AD33: 46217 | AE33: 46231 | AF33: =IF($AE33="","",$AJ$1-$AE33) -> 52 | AG33: =IF(OR($W33="서비스 취소",$W33="서비스취소",$W33="미해당",$W33="예정",$W33=""),"제외",IF(AND($W33="완료",$Z33=0),"미청구(완료·무청구)",IF(AND($W33="진행중",$Z33=0,$AD33<>"",$AJ$1-$AD33>=10),"미청구(청구시작안됨)",IF(AND($W33="진행중",$Z33>0,$AJ$1-$AE33>=10),"미청구(청구지연)","정상")))) -> 정상
A34: C0035 | B34: 김진선 | D34: 19490913 | E34: 010-8203-4022 | F34: 경상북도 | G34: 포항시 | H34: 선린병원 | I34: 현대해상 | J34: L02200229540 | L34: 2606033391 | M34: 이규섭 | N34: 042-602-7053 | O34: 0507-770-5744 | Q34: 질병 | S34: 2026.03.14 | U34: 입원 | W34: 완료 | X34: =COUNTIF('간병인배정'!$B:$B,$A34) -> 1 | Y34: =SUMIF('간병비지급'!$B:$B,$A34,'간병비지급'!$I:$I) -> 1960000 | Z34: =COUNTIF('보험청구'!$B:$B,$A34) -> 1 | AA34: =COUNTIFS('보험청구'!$B:$B,$A34,'보험청구'!$J:$J,"미확인") -> 0 | AB34: =SUMIF('보험청구'!$B:$B,$A34,'보험청구'!$I:$I) -> 864000 | AC34: =SUMIF('보험청구'!$B:$B,$A34,'보험청구'!$L:$L) -> 0 | AD34: 46231 | AE34: 46237 | AF34: =IF($AE34="","",$AJ$1-$AE34) -> 46 | AG34: =IF(OR($W34="서비스 취소",$W34="서비스취소",$W34="미해당",$W34="예정",$W34=""),"제외",IF(AND($W34="완료",$Z34=0),"미청구(완료·무청구)",IF(AND($W34="진행중",$Z34=0,$AD34<>"",$AJ$1-$AD34>=10),"미청구(청구시작안됨)",IF(AND($W34="진행중",$Z34>0,$AJ$1-$AE34>=10),"미청구(청구지연)","정상")))) -> 정상
A35: C0036 | B35: 김진선 | D35: 19490913 | E35: 010-8203-4022 | F35: 경상북도 | G35: 포항시 | H35: 선린병원 | I35: 현대해상 | J35: L02200229540 | L35: 2606033391 | M35: 이규섭 | N35: 042-602-7053 | O35: 0507-770-5744 | Q35: 질병 | S35: 2026.03.14 | U35: 입원 | W35: 완료 | X35: =COUNTIF('간병인배정'!$B:$B,$A35) -> 1 | Y35: =SUMIF('간병비지급'!$B:$B,$A35,'간병비지급'!$I:$I) -> 420000 | Z35: =COUNTIF('보험청구'!$B:$B,$A35) -> 1 | AA35: =COUNTIFS('보험청구'!$B:$B,$A35,'보험청구'!$J:$J,"미확인") -> 0 | AB35: =SUMIF('보험청구'!$B:$B,$A35,'보험청구'!$I:$I) -> 576000 | AC35: =SUMIF('보험청구'!$B:$B,$A35,'보험청구'!$L:$L) -> 0 | AD35: 46237 | AE35: 46240 | AF35: =IF($AE35="","",$AJ$1-$AE35) -> 43 | AG35: =IF(OR($W35="서비스 취소",$W35="서비스취소",$W35="미해당",$W35="예정",$W35=""),"제외",IF(AND($W35="완료",$Z35=0),"미청구(완료·무청구)",IF(AND($W35="진행중",$Z35=0,$AD35<>"",$AJ$1-$AD35>=10),"미청구(청구시작안됨)",IF(AND($W35="진행중",$Z35>0,$AJ$1-$AE35>=10),"미청구(청구지연)","정상")))) -> 정상
A36: C0037 | B36: 권영술 | D36: 19590327 | E36: 010-3870-8864 | F36: 충청남도 | G36: 천안시 | H36: 천안단국대학교병원 | I36: 현대해상 | J36: L02200115556 | L36: 2603224746 | M36: 이성규 | N36: 062-602-3957 | Q36: 질병 | S36: 2026.03.13 | U36: 입원 | V36: 장기예상 | W36: 완료 | X36: =COUNTIF('간병인배정'!$B:$B,$A36) -> 1 | Y36: =SUMIF('간병비지급'!$B:$B,$A36,'간병비지급'!$I:$I) -> 4340000 | Z36: =COUNTIF('보험청구'!$B:$B,$A36) -> 3 | AA36: =COUNTIFS('보험청구'!$B:$B,$A36,'보험청구'!$J:$J,"미확인") -> 0 | AB36: =SUMIF('보험청구'!$B:$B,$A36,'보험청구'!$I:$I) -> 4278000 | AC36: =SUMIF('보험청구'!$B:$B,$A36,'보험청구'!$L:$L) -> 0 | AD36: 46122 | AE36: 46153 | AF36: =IF($AE36="","",$AJ$1-$AE36) -> 130 | AG36: =IF(OR($W36="서비스 취소",$W36="서비스취소",$W36="미해당",$W36="예정",$W36=""),"제외",IF(AND($W36="완료",$Z36=0),"미청구(완료·무청구)",IF(AND($W36="진행중",$Z36=0,$AD36<>"",$AJ$1-$AD36>=10),"미청구(청구시작안됨)",IF(AND($W36="진행중",$Z36>0,$AJ$1-$AE36>=10),"미청구(청구지연)","정상")))) -> 정상
A37: C0038 | B37: 전남영 | C37: 여 | D37: 19650117 | E37: 010-4585-8008 | F37: 경상남도 | G37: 창원시 | H37: 이에이씨병원 | I37: 현대해상 | J37: L02244009635 | L37: 2603370234 | M37: 조채영 | N37: 02-2181-2383 | Q37: 질병 | S37: 2026.03.10 | U37: 입원 | V37: 미정 | W37: 완료 | X37: =COUNTIF('간병인배정'!$B:$B,$A37) -> 1 | Y37: =SUMIF('간병비지급'!$B:$B,$A37,'간병비지급'!$I:$I) -> 5590000 | Z37: =COUNTIF('보험청구'!$B:$B,$A37) -> 5 | AA37: =COUNTIFS('보험청구'!$B:$B,$A37,'보험청구'!$J:$J,"미확인") -> 0 | AB37: =SUMIF('보험청구'!$B:$B,$A37,'보험청구'!$I:$I) -> 5670000 | AC37: =SUMIF('보험청구'!$B:$B,$A37,'보험청구'!$L:$L) -> 0 | AD37: 46113 | AE37: 46152 | AF37: =IF($AE37="","",$AJ$1-$AE37) -> 131 | AG37: =IF(OR($W37="서비스 취소",$W37="서비스취소",$W37="미해당",$W37="예정",$W37=""),"제외",IF(AND($W37="완료",$Z37=0),"미청구(완료·무청구)",IF(AND($W37="진행중",$Z37=0,$AD37<>"",$AJ$1-$AD37>=10),"미청구(청구시작안됨)",IF(AND($W37="진행중",$Z37>0,$AJ$1-$AE37>=10),"미청구(청구지연)","정상")))) -> 정상
A38: C0039 | B38: 전남영 | C38: 여 | D38: 19650117 | E38: 010-4585-8008 | F38: 경상남도 | G38: 창원시 | H38: 이에이씨병원 | I38: 현대해상 | J38: L02244009635 | L38: 2603370234 | M38: 조채영 | N38: 02-2181-2383 | Q38: 질병 | S38: 2026.03.10 | U38: 입원 | V38: 미정 | W38: 완료 | X38: =COUNTIF('간병인배정'!$B:$B,$A38) -> 1 | Y38: =SUMIF('간병비지급'!$B:$B,$A38,'간병비지급'!$I:$I) -> 4995000 | Z38: =COUNTIF('보험청구'!$B:$B,$A38) -> 4 | AA38: =COUNTIFS('보험청구'!$B:$B,$A38,'보험청구'!$J:$J,"미확인") -> 0 | AB38: =SUMIF('보험청구'!$B:$B,$A38,'보험청구'!$I:$I) -> 2430000 | AC38: =SUMIF('보험청구'!$B:$B,$A38,'보험청구'!$L:$L) -> 0 | AD38: 46155 | AE38: 46192 | AF38: =IF($AE38="","",$AJ$1-$AE38) -> 91 | AG38: =IF(OR($W38="서비스 취소",$W38="서비스취소",$W38="미해당",$W38="예정",$W38=""),"제외",IF(AND($W38="완료",$Z38=0),"미청구(완료·무청구)",IF(AND($W38="진행중",$Z38=0,$AD38<>"",$AJ$1-$AD38>=10),"미청구(청구시작안됨)",IF(AND($W38="진행중",$Z38>0,$AJ$1-$AE38>=10),"미청구(청구지연)","정상")))) -> 정상
A39: C0040 | B39: 전남영 | C39: 여 | D39: 19650117 | E39: 010-4585-8008 | F39: 경상남도 | G39: 창원시 | H39: 이에이씨병원 | I39: 현대해상 | J39: L02244009635 | L39: 2603370234 | M39: 조채영 | N39: 02-2181-2383 | Q39: 질병 | S39: 2026.03.10 | U39: 입원 | V39: 미정 | W39: 진행중 | X39: =COUNTIF('간병인배정'!$B:$B,$A39) -> 2 | Y39: =SUMIF('간병비지급'!$B:$B,$A39,'간병비지급'!$I:$I) -> 11340000 | Z39: =COUNTIF('보험청구'!$B:$B,$A39) -> 8 | AA39: =COUNTIFS('보험청구'!$B:$B,$A39,'보험청구'!$J:$J,"미확인") -> 0 | AB39: =SUMIF('보험청구'!$B:$B,$A39,'보험청구'!$I:$I) -> 7020000 | AC39: =SUMIF('보험청구'!$B:$B,$A39,'보험청구'!$L:$L) -> 5335000 | AD39: 46192 | AE39: 46275 | AF39: =IF($AE39="","",$AJ$1-$AE39) -> 8 | AG39: =IF(OR($W39="서비스 취소",$W39="서비스취소",$W39="미해당",$W39="예정",$W39=""),"제외",IF(AND($W39="완료",$Z39=0),"미청구(완료·무청구)",IF(AND($W39="진행중",$Z39=0,$AD39<>"",$AJ$1-$AD39>=10),"미청구(청구시작안됨)",IF(AND($W39="진행중",$Z39>0,$AJ$1-$AE39>=10),"미청구(청구지연)","정상")))) -> 정상 | AH39: 7월27일송미령간병사끝나고/교체7월27일이송자간병사투입8월25일 2틀휴무적용10일건 20일건 청구완료
A40: C0041 | B40: 이성자 | C40: 여 | D40: 19551016 | E40: 010-4652-8858 | F40: 충청남도 | G40: 공주시 | H40: 공주의료원 | I40: 현대해상 | J40: L02243775320 | L40: 2603508567 | M40: 이철희 | N40: 051-602-5706 | Q40: 상해 | S40: 2026.03.11 | U40: 입원 | V40: 1달 | W40: 완료 | X40: =COUNTIF('간병인배정'!$B:$B,$A40) -> 1 | Y40: =SUMIF('간병비지급'!$B:$B,$A40,'간병비지급'!$I:$I) -> 4500000 | Z40: =COUNTIF('보험청구'!$B:$B,$A40) -> 3 | AA40: =COUNTIFS('보험청구'!$B:$B,$A40,'보험청구'!$J:$J,"미확인") -> 0 | AB40: =SUMIF('보험청구'!$B:$B,$A40,'보험청구'!$I:$I) -> 4185000 | AC40: =SUMIF('보험청구'!$B:$B,$A40,'보험청구'!$L:$L) -> 0 | AD40: 46113 | AE40: 46143 | AF40: =IF($AE40="","",$AJ$1-$AE40) -> 140 | AG40: =IF(OR($W40="서비스 취소",$W40="서비스취소",$W40="미해당",$W40="예정",$W40=""),"제외",IF(AND($W40="완료",$Z40=0),"미청구(완료·무청구)",IF(AND($W40="진행중",$Z40=0,$AD40<>"",$AJ$1-$AD40>=10),"미청구(청구시작안됨)",IF(AND($W40="진행중",$Z40>0,$AJ$1-$AE40>=10),"미청구(청구지연)","정상")))) -> 정상
A41: C0042 | B41: 이성자 | C41: 여 | D41: 19551016 | E41: 010-4652-8858 | F41: 충청남도 | G41: 공주시 | H41: 공주의료원 | I41: 현대해상 | J41: L02243775320 | L41: 2603508567 | M41: 이철희 | N41: 051-602-5706 | Q41: 상해 | S41: 2026.03.11 | U41: 입원 | V41: 1달 | W41: 완료 | X41: =COUNTIF('간병인배정'!$B:$B,$A41) -> 1 | Y41: =SUMIF('간병비지급'!$B:$B,$A41,'간병비지급'!$I:$I) -> 1680000 | Z41: =COUNTIF('보험청구'!$B:$B,$A41) -> 2 | AA41: =COUNTIFS('보험청구'!$B:$B,$A41,'보험청구'!$J:$J,"미확인") -> 0 | AB41: =SUMIF('보험청구'!$B:$B,$A41,'보험청구'!$I:$I) -> 1620000 | AC41: =SUMIF('보험청구'!$B:$B,$A41,'보험청구'!$L:$L) -> 0 | AD41: 46148 | AE41: 46160 | AF41: =IF($AE41="","",$AJ$1-$AE41) -> 123 | AG41: =IF(OR($W41="서비스 취소",$W41="서비스취소",$W41="미해당",$W41="예정",$W41=""),"제외",IF(AND($W41="완료",$Z41=0),"미청구(완료·무청구)",IF(AND($W41="진행중",$Z41=0,$AD41<>"",$AJ$1-$AD41>=10),"미청구(청구시작안됨)",IF(AND($W41="진행중",$Z41>0,$AJ$1-$AE41>=10),"미청구(청구지연)","정상")))) -> 정상
A42: C0043 | B42: 신용찬 | D42: 19500911 | E42: 010-7153-6522 | F42: 부산광역시 | G42: 해운대구 | I42: 현대해상 | J42: L02530647767 | L42: 2603642834 | M42: 박지영 | N42: 042-829-1492 | S42: 2026.03.14 | U42: 입원 | V42: 미정 | W42: 완료 | X42: =COUNTIF('간병인배정'!$B:$B,$A42) -> 1 | Y42: =SUMIF('간병비지급'!$B:$B,$A42,'간병비지급'!$I:$I) -> 4640000 | Z42: =COUNTIF('보험청구'!$B:$B,$A42) -> 3 | AA42: =COUNTIFS('보험청구'!$B:$B,$A42,'보험청구'!$J:$J,"미확인") -> 0 | AB42: =SUMIF('보험청구'!$B:$B,$A42,'보험청구'!$I:$I) -> 4901000 | AC42: =SUMIF('보험청구'!$B:$B,$A42,'보험청구'!$L:$L) -> 0 | AD42: 46112 | AE42: 46141 | AF42: =IF($AE42="","",$AJ$1-$AE42) -> 142 | AG42: =IF(OR($W42="서비스 취소",$W42="서비스취소",$W42="미해당",$W42="예정",$W42=""),"제외",IF(AND($W42="완료",$Z42=0),"미청구(완료·무청구)",IF(AND($W42="진행중",$Z42=0,$AD42<>"",$AJ$1-$AD42>=10),"미청구(청구시작안됨)",IF(AND($W42="진행중",$Z42>0,$AJ$1-$AE42>=10),"미청구(청구지연)","정상")))) -> 정상 | AH42: 인덕간병 (051-897-2555 / 010-8538-4153) 협의
A43: C0044 | B43: 오죽삼 | D43: 19420520 | E43: 010-3289-3383 | F43: 서울특별시 | G43: 용산구 | H43: 순천향대학교 서울병원 | I43: 현대해상 | J43: L02529952917 | L43: 2603840487 | M43: 송석중 | N43: 042-602-7047 | Q43: 상해 | S43: 2026.03.23 | U43: 입원 | V43: 미정 | W43: 완료 | X43: =COUNTIF('간병인배정'!$B:$B,$A43) -> 1 | Y43: =SUMIF('간병비지급'!$B:$B,$A43,'간병비지급'!$I:$I) -> 35000 | Z43: =COUNTIF('보험청구'!$B:$B,$A43) -> 0 | AA43: =COUNTIFS('보험청구'!$B:$B,$A43,'보험청구'!$J:$J,"미확인") -> 0 | AB43: =SUMIF('보험청구'!$B:$B,$A43,'보험청구'!$I:$I) -> 0 | AC43: =SUMIF('보험청구'!$B:$B,$A43,'보험청구'!$L:$L) -> 0 | AD43: 46113 | AF43: =IF($AE43="","",$AJ$1-$AE43) | AG43: =IF(OR($W43="서비스 취소",$W43="서비스취소",$W43="미해당",$W43="예정",$W43=""),"제외",IF(AND($W43="완료",$Z43=0),"미청구(완료·무청구)",IF(AND($W43="진행중",$Z43=0,$AD43<>"",$AJ$1-$AD43>=10),"미청구(청구시작안됨)",IF(AND($W43="진행중",$Z43>0,$AJ$1-$AE43>=10),"미청구(청구지연)","정상")))) -> 미청구(완료·무청구) | AH43: 개인사정(상사) 중단 (04.01 18:00) /케어닥 인수과정중 간병사 지급건 (04.01)
A44: C0045 | B44: 오죽삼 | D44: 19420520 | E44: 010-3289-3383 | F44: 서울특별시 | G44: 용산구 | H44: 순천향대학교 서울병원 | I44: 현대해상 | J44: L02529952917 | L44: 2603840487 | M44: 송석중 | N44: 042-602-7047 | Q44: 상해 | S44: 2026.03.23 | U44: 입원 | W44: 완료 | X44: =COUNTIF('간병인배정'!$B:$B,$A44) -> 1 | Y44: =SUMIF('간병비지급'!$B:$B,$A44,'간병비지급'!$I:$I) -> 1080000 | Z44: =COUNTIF('보험청구'!$B:$B,$A44) -> 1 | AA44: =COUNTIFS('보험청구'!$B:$B,$A44,'보험청구'!$J:$J,"미확인") -> 0 | AB44: =SUMIF('보험청구'!$B:$B,$A44,'보험청구'!$I:$I) -> 1440000 | AC44: =SUMIF('보험청구'!$B:$B,$A44,'보험청구'!$L:$L) -> 0 | AD44: 46114 | AE44: 46122 | AF44: =IF($AE44="","",$AJ$1-$AE44) -> 161 | AG44: =IF(OR($W44="서비스 취소",$W44="서비스취소",$W44="미해당",$W44="예정",$W44=""),"제외",IF(AND($W44="완료",$Z44=0),"미청구(완료·무청구)",IF(AND($W44="진행중",$Z44=0,$AD44<>"",$AJ$1-$AD44>=10),"미청구(청구시작안됨)",IF(AND($W44="진행중",$Z44>0,$AJ$1-$AE44>=10),"미청구(청구지연)","정상")))) -> 정상
A45: C0046 | B45: 박영희 | C45: 여 | D45: 19580111 | E45: 010-5778-6753 | F45: 경기도 | G45: 수원시 | H45: 바르다정형외과 | I45: 현대해상 | J45: L02159232563 | L45: 2603840765 | M45: 박지영 | N45: 042-829-1492 | Q45: 상해 | S45: 2026.03.23 | U45: 입원 | V45: 장기예상 | W45: 완료 | X45: =COUNTIF('간병인배정'!$B:$B,$A45) -> 1 | Y45: =SUMIF('간병비지급'!$B:$B,$A45,'간병비지급'!$I:$I) -> 650000 | Z45: =COUNTIF('보험청구'!$B:$B,$A45) -> 1 | AA45: =COUNTIFS('보험청구'!$B:$B,$A45,'보험청구'!$J:$J,"미확인") -> 0 | AB45: =SUMIF('보험청구'!$B:$B,$A45,'보험청구'!$I:$I) -> 864000 | AC45: =SUMIF('보험청구'!$B:$B,$A45,'보험청구'!$L:$L) -> 0 | AD45: 46113 | AE45: 46118 | AF45: =IF($AE45="","",$AJ$1-$AE45) -> 165 | AG45: =IF(OR($W45="서비스 취소",$W45="서비스취소",$W45="미해당",$W45="예정",$W45=""),"제외",IF(AND($W45="완료",$Z45=0),"미청구(완료·무청구)",IF(AND($W45="진행중",$Z45=0,$AD45<>"",$AJ$1-$AD45>=10),"미청구(청구시작안됨)",IF(AND($W45="진행중",$Z45>0,$AJ$1-$AE45>=10),"미청구(청구지연)","정상")))) -> 정상 | AH45: 기존진행 / 퇴원
A46: C0047 | B46: 조하랑 | C46: 여 | D46: 20200711 | E46: 010-7549-6115 | F46: 전라남도 | G46: 순천시 | H46: 순천중앙병원 | I46: 현대해상 | J46: L02243956312 | L46: 2603937295 | M46: 한지희 | N46: 052-290-5424 | Q46: 상해 | S46: 2026.03.23 | U46: 입원 | V46: 1주 | W46: 완료 | X46: =COUNTIF('간병인배정'!$B:$B,$A46) -> 1 | Y46: =SUMIF('간병비지급'!$B:$B,$A46,'간병비지급'!$I:$I) -> 280000 | Z46: =COUNTIF('보험청구'!$B:$B,$A46) -> 1 | AA46: =COUNTIFS('보험청구'!$B:$B,$A46,'보험청구'!$J:$J,"미확인") -> 0 | AB46: =SUMIF('보험청구'!$B:$B,$A46,'보험청구'!$I:$I) -> 270000 | AC46: =SUMIF('보험청구'!$B:$B,$A46,'보험청구'!$L:$L) -> 0 | AD46: 46104 | AE46: 46115 | AF46: =IF($AE46="","",$AJ$1-$AE46) -> 168 | AG46: =IF(OR($W46="서비스 취소",$W46="서비스취소",$W46="미해당",$W46="예정",$W46=""),"제외",IF(AND($W46="완료",$Z46=0),"미청구(완료·무청구)",IF(AND($W46="진행중",$Z46=0,$AD46<>"",$AJ$1-$AD46>=10),"미청구(청구시작안됨)",IF(AND($W46="진행중",$Z46>0,$AJ$1-$AE46>=10),"미청구(청구지연)","정상")))) -> 정상
A47: C0048 | B47: 조하륜 | C47: 남 | D47: 20200711 | E47: 010-7549-6115 | F47: 전라남도 | G47: 순천시 | H47: 순천중앙병원 | I47: 현대해상 | J47: L02243954817 | L47: 2603936388 | M47: 김민경 | N47: 02-2181-2623 | Q47: 상해 | S47: 2026.03.23 | U47: 입원 | V47: 1주 | W47: 완료 | X47: =COUNTIF('간병인배정'!$B:$B,$A47) -> 1 | Y47: =SUMIF('간병비지급'!$B:$B,$A47,'간병비지급'!$I:$I) -> 280000 | Z47: =COUNTIF('보험청구'!$B:$B,$A47) -> 1 | AA47: =COUNTIFS('보험청구'!$B:$B,$A47,'보험청구'!$J:$J,"미확인") -> 0 | AB47: =SUMIF('보험청구'!$B:$B,$A47,'보험청구'!$I:$I) -> 270000 | AC47: =SUMIF('보험청구'!$B:$B,$A47,'보험청구'!$L:$L) -> 0 | AD47: 46104 | AE47: 46115 | AF47: =IF($AE47="","",$AJ$1-$AE47) -> 168 | AG47: =IF(OR($W47="서비스 취소",$W47="서비스취소",$W47="미해당",$W47="예정",$W47=""),"제외",IF(AND($W47="완료",$Z47=0),"미청구(완료·무청구)",IF(AND($W47="진행중",$Z47=0,$AD47<>"",$AJ$1-$AD47>=10),"미청구(청구시작안됨)",IF(AND($W47="진행중",$Z47>0,$AJ$1-$AE47>=10),"미청구(청구지연)","정상")))) -> 정상 | AH47: 퇴원
A48: C0049 | B48: 하덕임 | C48: 여 | D48: 19490429 | E48: 010-6620-1715 | F48: 광주광역시 | G48: 남구 | H48: 우리한방병원 | I48: 현대해상 | J48: L02154194686 | L48: 2601610431 | M48: 박소영 | N48: 02-2181-2529 | Q48: 질병 | S48: 2026.03.18 | U48: 입원 | V48: 미정 | W48: 서비스 취소 | X48: =COUNTIF('간병인배정'!$B:$B,$A48) -> 0 | Y48: =SUMIF('간병비지급'!$B:$B,$A48,'간병비지급'!$I:$I) -> 0 | Z48: =COUNTIF('보험청구'!$B:$B,$A48) -> 0 | AA48: =COUNTIFS('보험청구'!$B:$B,$A48,'보험청구'!$J:$J,"미확인") -> 0 | AB48: =SUMIF('보험청구'!$B:$B,$A48,'보험청구'!$I:$I) -> 0 | AC48: =SUMIF('보험청구'!$B:$B,$A48,'보험청구'!$L:$L) -> 0 | AD48: 46113 | AF48: =IF($AE48="","",$AJ$1-$AE48) | AG48: =IF(OR($W48="서비스 취소",$W48="서비스취소",$W48="미해당",$W48="예정",$W48=""),"제외",IF(AND($W48="완료",$Z48=0),"미청구(완료·무청구)",IF(AND($W48="진행중",$Z48=0,$AD48<>"",$AJ$1-$AD48>=10),"미청구(청구시작안됨)",IF(AND($W48="진행중",$Z48>0,$AJ$1-$AE48>=10),"미청구(청구지연)","정상")))) -> 제외 | AH48: 퇴원
A49: C0050 | B49: 전영수 | C49: 남 | D49: 19540520 | E49: 010-4122-5862 | F49: 경상남도 | G49: 창원시 | H49: 베스트재활의학과병원 (경남진주) | I49: 현대해상 | J49: L02232233966 | L49: 2603935010 | M49: 이지훈 | N49: 051-602-5762 | Q49: 상해 | S49: 2026.03.27 | U49: 입원 | V49: 1주 | W49: 완료 | X49: =COUNTIF('간병인배정'!$B:$B,$A49) -> 1 | Y49: =SUMIF('간병비지급'!$B:$B,$A49,'간병비지급'!$I:$I) -> 2160000 | Z49: =COUNTIF('보험청구'!$B:$B,$A49) -> 1 | AA49: =COUNTIFS('보험청구'!$B:$B,$A49,'보험청구'!$J:$J,"미확인") -> 0 | AB49: =SUMIF('보험청구'!$B:$B,$A49,'보험청구'!$I:$I) -> 2304000 | AC49: =SUMIF('보험청구'!$B:$B,$A49,'보험청구'!$L:$L) -> 0 | AD49: 46113 | AE49: 46129 | AF49: =IF($AE49="","",$AJ$1-$AE49) -> 154 | AG49: =IF(OR($W49="서비스 취소",$W49="서비스취소",$W49="미해당",$W49="예정",$W49=""),"제외",IF(AND($W49="완료",$Z49=0),"미청구(완료·무청구)",IF(AND($W49="진행중",$Z49=0,$AD49<>"",$AJ$1-$AD49>=10),"미청구(청구시작안됨)",IF(AND($W49="진행중",$Z49>0,$AJ$1-$AE49>=10),"미청구(청구지연)","정상")))) -> 정상 | AH49: 스마일 (010-6586-4312 ) 0404 진주 병원으로 옮겼고, 같이 갔다는데…금액은 17일경 퇴원하면서 줘도 됨 (스마일)
A50: C0051 | B50: 고봉석 | C50: 남 | D50: 19581021 | E50: 010-7393-7614 | F50: 경상남도 | G50: 진주시 | H50: 경상국립대학교병원 =>한일병원 | I50: 현대해상 | J50: L02309290356 | L50: 2603794472 | M50: 최권찬 | N50: 053-640-4711 | Q50: 질병 | S50: 2026.03.27 | U50: 입원 | V50: 미정 | W50: 완료 | X50: =COUNTIF('간병인배정'!$B:$B,$A50) -> 1 | Y50: =SUMIF('간병비지급'!$B:$B,$A50,'간병비지급'!$I:$I) -> 280000 | Z50: =COUNTIF('보험청구'!$B:$B,$A50) -> 1 | AA50: =COUNTIFS('보험청구'!$B:$B,$A50,'보험청구'!$J:$J,"미확인") -> 0 | AB50: =SUMIF('보험청구'!$B:$B,$A50,'보험청구'!$I:$I) -> 288000 | AC50: =SUMIF('보험청구'!$B:$B,$A50,'보험청구'!$L:$L) -> 0 | AD50: 46113 | AE50: 46115 | AF50: =IF($AE50="","",$AJ$1-$AE50) -> 168 | AG50: =IF(OR($W50="서비스 취소",$W50="서비스취소",$W50="미해당",$W50="예정",$W50=""),"제외",IF(AND($W50="완료",$Z50=0),"미청구(완료·무청구)",IF(AND($W50="진행중",$Z50=0,$AD50<>"",$AJ$1-$AD50>=10),"미청구(청구시작안됨)",IF(AND($W50="진행중",$Z50>0,$AJ$1-$AE50>=10),"미청구(청구지연)","정상")))) -> 정상 | AH50: 기존 진행
A51: C0052 | B51: 김명수 | D51: 19530910 | E51: 010-7512-8280 | F51: 전북특별자치도 | G51: 전주시 | H51: 어의당한방볍원 | I51: 현대해상 | J51: L02147667937 | L51: 2603A21448 | M51: 박모란 | N51: 042-602-7012 | Q51: 상해 | S51: 2026.03.25 | U51: 입원 | V51: 퇴원시까지 | W51: 완료 | X51: =COUNTIF('간병인배정'!$B:$B,$A51) -> 1 | Y51: =SUMIF('간병비지급'!$B:$B,$A51,'간병비지급'!$I:$I) -> 945000 | Z51: =COUNTIF('보험청구'!$B:$B,$A51) -> 1 | AA51: =COUNTIFS('보험청구'!$B:$B,$A51,'보험청구'!$J:$J,"미확인") -> 0 | AB51: =SUMIF('보험청구'!$B:$B,$A51,'보험청구'!$I:$I) -> 1008000 | AC51: =SUMIF('보험청구'!$B:$B,$A51,'보험청구'!$L:$L) -> 0 | AD51: 46106 | AE51: 46120 | AF51: =IF($AE51="","",$AJ$1-$AE51) -> 163 | AG51: =IF(OR($W51="서비스 취소",$W51="서비스취소",$W51="미해당",$W51="예정",$W51=""),"제외",IF(AND($W51="완료",$Z51=0),"미청구(완료·무청구)",IF(AND($W51="진행중",$Z51=0,$AD51<>"",$AJ$1-$AD51>=10),"미청구(청구시작안됨)",IF(AND($W51="진행중",$Z51>0,$AJ$1-$AE51>=10),"미청구(청구지연)","정상")))) -> 정상 | AH51: 기존 진행
A52: C0053 | B52: 김명수 | D52: 19530910 | E52: 010-7512-8280 | F52: 전북특별자치도 | G52: 전주시 | H52: 동의한방병원 | I52: 현대해상 | J52: L02147667937 | L52: 2603A21448 | M52: 박모란 | N52: 042-602-7012 | Q52: 상해 | S52: 2026.03.25 | U52: 입원 | V52: 퇴원시까지 | W52: 완료 | X52: =COUNTIF('간병인배정'!$B:$B,$A52) -> 1 | Y52: =SUMIF('간병비지급'!$B:$B,$A52,'간병비지급'!$I:$I) -> 810000 | Z52: =COUNTIF('보험청구'!$B:$B,$A52) -> 1 | AA52: =COUNTIFS('보험청구'!$B:$B,$A52,'보험청구'!$J:$J,"미확인") -> 0 | AB52: =SUMIF('보험청구'!$B:$B,$A52,'보험청구'!$I:$I) -> 864000 | AC52: =SUMIF('보험청구'!$B:$B,$A52,'보험청구'!$L:$L) -> 0 | AD52: 46120 | AE52: 46126 | AF52: =IF($AE52="","",$AJ$1-$AE52) -> 157 | AG52: =IF(OR($W52="서비스 취소",$W52="서비스취소",$W52="미해당",$W52="예정",$W52=""),"제외",IF(AND($W52="완료",$Z52=0),"미청구(완료·무청구)",IF(AND($W52="진행중",$Z52=0,$AD52<>"",$AJ$1-$AD52>=10),"미청구(청구시작안됨)",IF(AND($W52="진행중",$Z52>0,$AJ$1-$AE52>=10),"미청구(청구지연)","정상")))) -> 정상 | AH52: 간병사님 교체
A53: C0054 | B53: 김명수 | D53: 19530910 | E53: 010-7512-8280 | F53: 전북특별자치도 | G53: 전주시 | H53: 어의당한방볍원 | I53: 현대해상 | J53: L02147667937 | L53: 2603A21448 | M53: 박모란 | N53: 042-602-7012 | Q53: 상해 | S53: 2026.03.25 | U53: 입원 | V53: 퇴원시까지 | W53: 완료 | X53: =COUNTIF('간병인배정'!$B:$B,$A53) -> 1 | Y53: =SUMIF('간병비지급'!$B:$B,$A53,'간병비지급'!$I:$I) -> 2160000 | Z53: =COUNTIF('보험청구'!$B:$B,$A53) -> 2 | AA53: =COUNTIFS('보험청구'!$B:$B,$A53,'보험청구'!$J:$J,"미확인") -> 0 | AB53: =SUMIF('보험청구'!$B:$B,$A53,'보험청구'!$I:$I) -> 2304000 | AC53: =SUMIF('보험청구'!$B:$B,$A53,'보험청구'!$L:$L) -> 0 | AD53: 46126 | AE53: 46142 | AF53: =IF($AE53="","",$AJ$1-$AE53) -> 141 | AG53: =IF(OR($W53="서비스 취소",$W53="서비스취소",$W53="미해당",$W53="예정",$W53=""),"제외",IF(AND($W53="완료",$Z53=0),"미청구(완료·무청구)",IF(AND($W53="진행중",$Z53=0,$AD53<>"",$AJ$1-$AD53>=10),"미청구(청구시작안됨)",IF(AND($W53="진행중",$Z53>0,$AJ$1-$AE53>=10),"미청구(청구지연)","정상")))) -> 정상
A54: C0055 | B54: 김명수 | D54: 19530910 | E54: 010-7512-8280 | F54: 전북특별자치도 | G54: 전주시 | H54: 동의한방병원 | I54: 현대해상 | J54: L02147667937 | L54: 2603A21448 | M54: 박모란 | N54: 042-602-7012 | Q54: 상해 | S54: 2026.03.25 | U54: 입원 | V54: 퇴원시까지 | W54: 완료 | X54: =COUNTIF('간병인배정'!$B:$B,$A54) -> 1 | Y54: =SUMIF('간병비지급'!$B:$B,$A54,'간병비지급'!$I:$I) -> 2160000 | Z54: =COUNTIF('보험청구'!$B:$B,$A54) -> 2 | AA54: =COUNTIFS('보험청구'!$B:$B,$A54,'보험청구'!$J:$J,"미확인") -> 0 | AB54: =SUMIF('보험청구'!$B:$B,$A54,'보험청구'!$I:$I) -> 2304000 | AC54: =SUMIF('보험청구'!$B:$B,$A54,'보험청구'!$L:$L) -> 0 | AD54: 46143 | AE54: 46158 | AF54: =IF($AE54="","",$AJ$1-$AE54) -> 125 | AG54: =IF(OR($W54="서비스 취소",$W54="서비스취소",$W54="미해당",$W54="예정",$W54=""),"제외",IF(AND($W54="완료",$Z54=0),"미청구(완료·무청구)",IF(AND($W54="진행중",$Z54=0,$AD54<>"",$AJ$1-$AD54>=10),"미청구(청구시작안됨)",IF(AND($W54="진행중",$Z54>0,$AJ$1-$AE54>=10),"미청구(청구지연)","정상")))) -> 정상
A55: C0056 | B55: 김명수 | D55: 19530910 | E55: 010-7512-8280 | F55: 전북특별자치도 | G55: 전주시 | H55: 전주튼튼한방병원 | I55: 현대해상 | J55: L02147667937 | L55: 2603A21448 | M55: 박모란 | N55: 042-602-7012 | Q55: 상해 | S55: 2026.03.25 | U55: 입원 | V55: 퇴원시까지 | W55: 완료 | X55: =COUNTIF('간병인배정'!$B:$B,$A55) -> 1 | Y55: =SUMIF('간병비지급'!$B:$B,$A55,'간병비지급'!$I:$I) -> 2160000 | Z55: =COUNTIF('보험청구'!$B:$B,$A55) -> 2 | AA55: =COUNTIFS('보험청구'!$B:$B,$A55,'보험청구'!$J:$J,"미확인") -> 0 | AB55: =SUMIF('보험청구'!$B:$B,$A55,'보험청구'!$I:$I) -> 2304000 | AC55: =SUMIF('보험청구'!$B:$B,$A55,'보험청구'!$L:$L) -> 0 | AD55: 46160 | AE55: 46175 | AF55: =IF($AE55="","",$AJ$1-$AE55) -> 108 | AG55: =IF(OR($W55="서비스 취소",$W55="서비스취소",$W55="미해당",$W55="예정",$W55=""),"제외",IF(AND($W55="완료",$Z55=0),"미청구(완료·무청구)",IF(AND($W55="진행중",$Z55=0,$AD55<>"",$AJ$1-$AD55>=10),"미청구(청구시작안됨)",IF(AND($W55="진행중",$Z55>0,$AJ$1-$AE55>=10),"미청구(청구지연)","정상")))) -> 정상
A56: C0057 | B56: 김명수 | D56: 19530910 | E56: 010-7512-8280 | F56: 전북특별자치도 | G56: 전주시 | H56: 한일정형외과 | I56: 현대해상 | J56: L02147667937 | L56: 2603A21448 | M56: 박모란 | N56: 042-602-7012 | Q56: 상해 | S56: 2026.03.25 | U56: 입원 | V56: 퇴원시까지 | W56: 완료 | X56: =COUNTIF('간병인배정'!$B:$B,$A56) -> 1 | Y56: =SUMIF('간병비지급'!$B:$B,$A56,'간병비지급'!$I:$I) -> 2025000 | Z56: =COUNTIF('보험청구'!$B:$B,$A56) -> 2 | AA56: =COUNTIFS('보험청구'!$B:$B,$A56,'보험청구'!$J:$J,"미확인") -> 0 | AB56: =SUMIF('보험청구'!$B:$B,$A56,'보험청구'!$I:$I) -> 2160000 | AC56: =SUMIF('보험청구'!$B:$B,$A56,'보험청구'!$L:$L) -> 0 | AD56: 46177 | AE56: 46192 | AF56: =IF($AE56="","",$AJ$1-$AE56) -> 91 | AG56: =IF(OR($W56="서비스 취소",$W56="서비스취소",$W56="미해당",$W56="예정",$W56=""),"제외",IF(AND($W56="완료",$Z56=0),"미청구(완료·무청구)",IF(AND($W56="진행중",$Z56=0,$AD56<>"",$AJ$1-$AD56>=10),"미청구(청구시작안됨)",IF(AND($W56="진행중",$Z56>0,$AJ$1-$AE56>=10),"미청구(청구지연)","정상")))) -> 정상
A57: C0058 | B57: 마율하 | D57: 20180818 | E57: 010-8266-8616 | F57: 전북특별자치도 | G57: 완주군 | H57: 혁신오케이정형외과 | I57: 현대해상 | J57: L02135755008 | L57: 2603B16919 | M57: 김승한 | N57: 063-281-3613 | Q57: 상해 | S57: 2026.03.30 | U57: 입원 | V57: 1주 | W57: 완료 | X57: =COUNTIF('간병인배정'!$B:$B,$A57) -> 1 | Y57: =SUMIF('간병비지급'!$B:$B,$A57,'간병비지급'!$I:$I) -> 1215000 | Z57: =COUNTIF('보험청구'!$B:$B,$A57) -> 1 | AA57: =COUNTIFS('보험청구'!$B:$B,$A57,'보험청구'!$J:$J,"미확인") -> 0 | AB57: =SUMIF('보험청구'!$B:$B,$A57,'보험청구'!$I:$I) -> 1296000 | AC57: =SUMIF('보험청구'!$B:$B,$A57,'보험청구'!$L:$L) -> 0 | AD57: 46114 | AE57: 46122 | AF57: =IF($AE57="","",$AJ$1-$AE57) -> 161 | AG57: =IF(OR($W57="서비스 취소",$W57="서비스취소",$W57="미해당",$W57="예정",$W57=""),"제외",IF(AND($W57="완료",$Z57=0),"미청구(완료·무청구)",IF(AND($W57="진행중",$Z57=0,$AD57<>"",$AJ$1-$AD57>=10),"미청구(청구시작안됨)",IF(AND($W57="진행중",$Z57>0,$AJ$1-$AE57>=10),"미청구(청구지연)","정상")))) -> 정상 | AH57: 출퇴근
A58: C0059 | B58: 문굉순 | C58: 여 | D58: 19500905 | E58: 010-3930-8305 | F58: 울산광역시 | G58: 남구 | H58: 강남동강병원 | I58: 현대해상 | J58: L02129231386 | L58: 2603B31804 | M58: 조보아 | N58: 042-602-7027 | Q58: 상해 | S58: 2026.03.31 | U58: 입원 | V58: 2개월 | W58: 완료 | X58: =COUNTIF('간병인배정'!$B:$B,$A58) -> 1 | Y58: =SUMIF('간병비지급'!$B:$B,$A58,'간병비지급'!$I:$I) -> 14795000 | Z58: =COUNTIF('보험청구'!$B:$B,$A58) -> 10 | AA58: =COUNTIFS('보험청구'!$B:$B,$A58,'보험청구'!$J:$J,"미확인") -> 0 | AB58: =SUMIF('보험청구'!$B:$B,$A58,'보험청구'!$I:$I) -> 15408000 | AC58: =SUMIF('보험청구'!$B:$B,$A58,'보험청구'!$L:$L) -> 0 | AD58: 46066 | AE58: 46223 | AF58: =IF($AE58="","",$AJ$1-$AE58) -> 60 | AG58: =IF(OR($W58="서비스 취소",$W58="서비스취소",$W58="미해당",$W58="예정",$W58=""),"제외",IF(AND($W58="완료",$Z58=0),"미청구(완료·무청구)",IF(AND($W58="진행중",$Z58=0,$AD58<>"",$AJ$1-$AD58>=10),"미청구(청구시작안됨)",IF(AND($W58="진행중",$Z58>0,$AJ$1-$AE58>=10),"미청구(청구지연)","정상")))) -> 정상 | AH58: 이후 지속 간병중 | AJ58: ㄹ
A59: C0060 | B59: 이지연 | C59: 여 | D59: 19760306 | E59: 010-9948-3520 | F59: 강원특별자치도 | G59: 원주시 | H59: 프라임병원 | I59: 현대해상 | J59: L02137682500 | L59: 2603B40482 | M59: 김주완 | N59: 051-602-5777 | S59: 2026.03.27 | U59: 입원 | V59: 2주 | W59: 완료 | X59: =COUNTIF('간병인배정'!$B:$B,$A59) -> 1 | Y59: =SUMIF('간병비지급'!$B:$B,$A59,'간병비지급'!$I:$I) -> 2070000 | Z59: =COUNTIF('보험청구'!$B:$B,$A59) -> 1 | AA59: =COUNTIFS('보험청구'!$B:$B,$A59,'보험청구'!$J:$J,"미확인") -> 0 | AB59: =SUMIF('보험청구'!$B:$B,$A59,'보험청구'!$I:$I) -> 2535000 | AC59: =SUMIF('보험청구'!$B:$B,$A59,'보험청구'!$L:$L) -> 0 | AD59: 46113 | AE59: 46128 | AF59: =IF($AE59="","",$AJ$1-$AE59) -> 155 | AG59: =IF(OR($W59="서비스 취소",$W59="서비스취소",$W59="미해당",$W59="예정",$W59=""),"제외",IF(AND($W59="완료",$Z59=0),"미청구(완료·무청구)",IF(AND($W59="진행중",$Z59=0,$AD59<>"",$AJ$1-$AD59>=10),"미청구(청구시작안됨)",IF(AND($W59="진행중",$Z59>0,$AJ$1-$AE59>=10),"미청구(청구지연)","정상")))) -> 정상 | AH59: 교통사고 | AJ59: ㄹ
A60: C0061 | B60: 고원석 | C60: 남 | D60: 19590310 | E60: 010-8889-2902 | F60: 경기도 | G60: 성남시 | H60: 분당차병원 | I60: 현대해상 | J60: L02158547506 | L60: 2604035637 | M60: 김성영 | N60: 042-829-1434 | Q60: 상해 | S60: 2026.03.31 | U60: 입원 | V60: 1~2주 | W60: 완료 | X60: =COUNTIF('간병인배정'!$B:$B,$A60) -> 1 | Y60: =SUMIF('간병비지급'!$B:$B,$A60,'간병비지급'!$I:$I) -> 1070000 | Z60: =COUNTIF('보험청구'!$B:$B,$A60) -> 1 | AA60: =COUNTIFS('보험청구'!$B:$B,$A60,'보험청구'!$J:$J,"미확인") -> 0 | AB60: =SUMIF('보험청구'!$B:$B,$A60,'보험청구'!$I:$I) -> 1008000 | AC60: =SUMIF('보험청구'!$B:$B,$A60,'보험청구'!$L:$L) -> 0 | AD60: 46114 | AE60: 46121 | AF60: =IF($AE60="","",$AJ$1-$AE60) -> 162 | AG60: =IF(OR($W60="서비스 취소",$W60="서비스취소",$W60="미해당",$W60="예정",$W60=""),"제외",IF(AND($W60="완료",$Z60=0),"미청구(완료·무청구)",IF(AND($W60="진행중",$Z60=0,$AD60<>"",$AJ$1-$AD60>=10),"미청구(청구시작안됨)",IF(AND($W60="진행중",$Z60>0,$AJ$1-$AE60>=10),"미청구(청구지연)","정상")))) -> 정상 | AH60: 설계사 : 010-8272-6005 가족간병2일 지원해 주기로 했다고 | AJ60: ㅀ
A61: C0062 | B61: 김현철 | C61: 남 | D61: 19721105 | E61: 010-8731-3796 | F61: 부산광역시 | G61: 서구 | H61: 부산대병원(토성동) | I61: 현대해상 | J61: L02313700135 | L61: 2604034845 | M61: 곽주호 | N61: 042-829-1466 | Q61: 질병 | S61: 2026.03.31 | U61: 입원 | W61: 서비스 취소 | X61: =COUNTIF('간병인배정'!$B:$B,$A61) -> 1 | Y61: =SUMIF('간병비지급'!$B:$B,$A61,'간병비지급'!$I:$I) -> 0 | Z61: =COUNTIF('보험청구'!$B:$B,$A61) -> 0 | AA61: =COUNTIFS('보험청구'!$B:$B,$A61,'보험청구'!$J:$J,"미확인") -> 0 | AB61: =SUMIF('보험청구'!$B:$B,$A61,'보험청구'!$I:$I) -> 0 | AC61: =SUMIF('보험청구'!$B:$B,$A61,'보험청구'!$L:$L) -> 0 | AD61: 45755 | AF61: =IF($AE61="","",$AJ$1-$AE61) | AG61: =IF(OR($W61="서비스 취소",$W61="서비스취소",$W61="미해당",$W61="예정",$W61=""),"제외",IF(AND($W61="완료",$Z61=0),"미청구(완료·무청구)",IF(AND($W61="진행중",$Z61=0,$AD61<>"",$AJ$1-$AD61>=10),"미청구(청구시작안됨)",IF(AND($W61="진행중",$Z61>0,$AJ$1-$AE61>=10),"미청구(청구지연)","정상")))) -> 제외 | AH61: 본인 취소 신청 (2026.04.07 15:06) | AJ61: ㄴㄹㅇ
A62: C0063 | B62: 조용운 | C62: 남 | D62: 19480529 | E62: 010-9972-3675 | F62: 광주광역시 | G62: 남구 | H62: 기독병원 | I62: 현대해상 | J62: L02151079658 | L62: 2604146392 | M62: 안혜지 | N62: 051-602-5717 | Q62: 상해 | S62: 2026.04.02 | U62: 입원 | V62: 2주 | W62: 완료 | X62: =COUNTIF('간병인배정'!$B:$B,$A62) -> 1 | Y62: =SUMIF('간병비지급'!$B:$B,$A62,'간병비지급'!$I:$I) -> 540000 | Z62: =COUNTIF('보험청구'!$B:$B,$A62) -> 1 | AA62: =COUNTIFS('보험청구'!$B:$B,$A62,'보험청구'!$J:$J,"미확인") -> 0 | AB62: =SUMIF('보험청구'!$B:$B,$A62,'보험청구'!$I:$I) -> 0 | AC62: =SUMIF('보험청구'!$B:$B,$A62,'보험청구'!$L:$L) -> 0 | AD62: 46117 | AF62: =IF($AE62="","",$AJ$1-$AE62) | AG62: =IF(OR($W62="서비스 취소",$W62="서비스취소",$W62="미해당",$W62="예정",$W62=""),"제외",IF(AND($W62="완료",$Z62=0),"미청구(완료·무청구)",IF(AND($W62="진행중",$Z62=0,$AD62<>"",$AJ$1-$AD62>=10),"미청구(청구시작안됨)",IF(AND($W62="진행중",$Z62>0,$AJ$1-$AE62>=10),"미청구(청구지연)","정상")))) -> 정상 | AJ62: ㄹㄴㄹㄹㄹㄹㄹㄹㄹㄹㄹㄶㄹㄶㄴㄹㅇㄶㅎ하ㅏㅑㅏㅐㅑㅣ;ㄹ
A63: C0064 | B63: 조용운 | C63: 남 | D63: 19480529 | E63: 010-9972-3675 | F63: 광주광역시 | G63: 남구 | H63: 기독병원 | I63: 현대해상 | J63: L02151079658 | L63: 2604146392 | M63: 안혜지 | N63: 051-602-5717 | Q63: 상해 | S63: 2026.04.02 | U63: 입원 | V63: 2주 | W63: 완료 | X63: =COUNTIF('간병인배정'!$B:$B,$A63) -> 1 | Y63: =SUMIF('간병비지급'!$B:$B,$A63,'간병비지급'!$I:$I) -> 135000 | Z63: =COUNTIF('보험청구'!$B:$B,$A63) -> 1 | AA63: =COUNTIFS('보험청구'!$B:$B,$A63,'보험청구'!$J:$J,"미확인") -> 0 | AB63: =SUMIF('보험청구'!$B:$B,$A63,'보험청구'!$I:$I) -> 720000 | AC63: =SUMIF('보험청구'!$B:$B,$A63,'보험청구'!$L:$L) -> 0 | AD63: 46121 | AE63: 46122 | AF63: =IF($AE63="","",$AJ$1-$AE63) -> 161 | AG63: =IF(OR($W63="서비스 취소",$W63="서비스취소",$W63="미해당",$W63="예정",$W63=""),"제외",IF(AND($W63="완료",$Z63=0),"미청구(완료·무청구)",IF(AND($W63="진행중",$Z63=0,$AD63<>"",$AJ$1-$AD63>=10),"미청구(청구시작안됨)",IF(AND($W63="진행중",$Z63>0,$AJ$1-$AE63>=10),"미청구(청구지연)","정상")))) -> 정상
A64: C0065 | B64: 조용운 | C64: 남 | D64: 19480529 | E64: 010-9972-3675 | F64: 광주광역시 | G64: 남구 | H64: 기독병원 | I64: 현대해상 | J64: L02151079658 | L64: 2412566361 | M64: 이성화 | N64: 042-829-1495 | Q64: 상해 | S64: 2026.04.02 | U64: 입원 | V64: 2주 | W64: 완료 | X64: =COUNTIF('간병인배정'!$B:$B,$A64) -> 1 | Y64: =SUMIF('간병비지급'!$B:$B,$A64,'간병비지급'!$I:$I) -> 1350000 | Z64: =COUNTIF('보험청구'!$B:$B,$A64) -> 1 | AA64: =COUNTIFS('보험청구'!$B:$B,$A64,'보험청구'!$J:$J,"미확인") -> 0 | AB64: =SUMIF('보험청구'!$B:$B,$A64,'보험청구'!$I:$I) -> 1728000 | AC64: =SUMIF('보험청구'!$B:$B,$A64,'보험청구'!$L:$L) -> 0 | AD64: 46122 | AE64: 46134 | AF64: =IF($AE64="","",$AJ$1-$AE64) -> 149 | AG64: =IF(OR($W64="서비스 취소",$W64="서비스취소",$W64="미해당",$W64="예정",$W64=""),"제외",IF(AND($W64="완료",$Z64=0),"미청구(완료·무청구)",IF(AND($W64="진행중",$Z64=0,$AD64<>"",$AJ$1-$AD64>=10),"미청구(청구시작안됨)",IF(AND($W64="진행중",$Z64>0,$AJ$1-$AE64>=10),"미청구(청구지연)","정상")))) -> 정상
A65: C0066 | B65: 조용운 | C65: 남 | D65: 19480529 | E65: 010-9972-3675 | F65: 광주광역시 | G65: 남구 | H65: 참병원 | I65: 현대해상 | J65: L02151079658 | L65: 2412566361 | M65: 이성화 | N65: 042-829-1495 | Q65: 상해 | S65: 2026.04.02 | U65: 입원 | V65: 2주 | W65: 완료 | X65: =COUNTIF('간병인배정'!$B:$B,$A65) -> 1 | Y65: =SUMIF('간병비지급'!$B:$B,$A65,'간병비지급'!$I:$I) -> 0 | Z65: =COUNTIF('보험청구'!$B:$B,$A65) -> 1 | AA65: =COUNTIFS('보험청구'!$B:$B,$A65,'보험청구'!$J:$J,"미확인") -> 0 | AB65: =SUMIF('보험청구'!$B:$B,$A65,'보험청구'!$I:$I) -> 288000 | AC65: =SUMIF('보험청구'!$B:$B,$A65,'보험청구'!$L:$L) -> 0 | AD65: 46134 | AE65: 46136 | AF65: =IF($AE65="","",$AJ$1-$AE65) -> 147 | AG65: =IF(OR($W65="서비스 취소",$W65="서비스취소",$W65="미해당",$W65="예정",$W65=""),"제외",IF(AND($W65="완료",$Z65=0),"미청구(완료·무청구)",IF(AND($W65="진행중",$Z65=0,$AD65<>"",$AJ$1-$AD65>=10),"미청구(청구시작안됨)",IF(AND($W65="진행중",$Z65>0,$AJ$1-$AE65>=10),"미청구(청구지연)","정상")))) -> 정상
A66: C0067 | B66: 조용운 | C66: 남 | D66: 19480529 | E66: 010-9972-3675 | F66: 광주광역시 | G66: 남구 | H66: 해솔한방병원 | I66: 현대해상 | J66: L02151079658 | L66: 2412566361 | M66: 이성화 | N66: 042-829-1495 | Q66: 상해 | S66: 2026.04.02 | U66: 입원 | V66: 2주 | W66: 완료 | X66: =COUNTIF('간병인배정'!$B:$B,$A66) -> 1 | Y66: =SUMIF('간병비지급'!$B:$B,$A66,'간병비지급'!$I:$I) -> 1215000 | Z66: =COUNTIF('보험청구'!$B:$B,$A66) -> 1 | AA66: =COUNTIFS('보험청구'!$B:$B,$A66,'보험청구'!$J:$J,"미확인") -> 0 | AB66: =SUMIF('보험청구'!$B:$B,$A66,'보험청구'!$I:$I) -> 0 | AC66: =SUMIF('보험청구'!$B:$B,$A66,'보험청구'!$L:$L) -> 0 | AD66: 46136 | AF66: =IF($AE66="","",$AJ$1-$AE66) | AG66: =IF(OR($W66="서비스 취소",$W66="서비스취소",$W66="미해당",$W66="예정",$W66=""),"제외",IF(AND($W66="완료",$Z66=0),"미청구(완료·무청구)",IF(AND($W66="진행중",$Z66=0,$AD66<>"",$AJ$1-$AD66>=10),"미청구(청구시작안됨)",IF(AND($W66="진행중",$Z66>0,$AJ$1-$AE66>=10),"미청구(청구지연)","정상")))) -> 정상 | AH66: 정상종료건 / 총 지급일/청구일 비교 필요
A67: C0068 | B67: 조용운 | C67: 남 | D67: 19480529 | E67: 010-9972-3675 | F67: 광주광역시 | G67: 남구 | H67: 해솔한방병원 | I67: 현대해상 | J67: L02151079658 | L67: 2412566361 | N67: 042-829-1471 | Q67: 상해 | S67: 2026.04.02 | U67: 입원 | V67: 2주 | W67: 완료 | X67: =COUNTIF('간병인배정'!$B:$B,$A67) -> 1 | Y67: =SUMIF('간병비지급'!$B:$B,$A67,'간병비지급'!$I:$I) -> 1350000 | Z67: =COUNTIF('보험청구'!$B:$B,$A67) -> 1 | AA67: =COUNTIFS('보험청구'!$B:$B,$A67,'보험청구'!$J:$J,"미확인") -> 0 | AB67: =SUMIF('보험청구'!$B:$B,$A67,'보험청구'!$I:$I) -> 2160000 | AC67: =SUMIF('보험청구'!$B:$B,$A67,'보험청구'!$L:$L) -> 0 | AD67: 46141 | AE67: 46151 | AF67: =IF($AE67="","",$AJ$1-$AE67) -> 132 | AG67: =IF(OR($W67="서비스 취소",$W67="서비스취소",$W67="미해당",$W67="예정",$W67=""),"제외",IF(AND($W67="완료",$Z67=0),"미청구(완료·무청구)",IF(AND($W67="진행중",$Z67=0,$AD67<>"",$AJ$1-$AD67>=10),"미청구(청구시작안됨)",IF(AND($W67="진행중",$Z67>0,$AJ$1-$AE67>=10),"미청구(청구지연)","정상")))) -> 정상
A68: C0069 | B68: 이윤정 | C68: 여 | D68: 19710211 | E68: 010-5262-0763 | F68: 경상남도 | G68: 진주시 | H68: 경남 진주시 금산면 금산로 22 102동 503호 | I68: 현대해상(SCOR) | J68: L02546932288 | K68: 2025.10.24 | L68: 2604146669 | M68: 임동기 | N68: 042-829-1485 | O68: 0507-770-6498 | Q68: 상해 | S68: 2026.04.01 | U68: 재택 | V68: 2~3일 | W68: 완료 | X68: =COUNTIF('간병인배정'!$B:$B,$A68) -> 1 | Y68: =SUMIF('간병비지급'!$B:$B,$A68,'간병비지급'!$I:$I) -> 400000 | Z68: =COUNTIF('보험청구'!$B:$B,$A68) -> 1 | AA68: =COUNTIFS('보험청구'!$B:$B,$A68,'보험청구'!$J:$J,"미확인") -> 0 | AB68: =SUMIF('보험청구'!$B:$B,$A68,'보험청구'!$I:$I) -> 430000 | AC68: =SUMIF('보험청구'!$B:$B,$A68,'보험청구'!$L:$L) -> 0 | AD68: 46119 | AE68: 46123 | AF68: =IF($AE68="","",$AJ$1-$AE68) -> 160 | AG68: =IF(OR($W68="서비스 취소",$W68="서비스취소",$W68="미해당",$W68="예정",$W68=""),"제외",IF(AND($W68="완료",$Z68=0),"미청구(완료·무청구)",IF(AND($W68="진행중",$Z68=0,$AD68<>"",$AJ$1-$AD68>=10),"미청구(청구시작안됨)",IF(AND($W68="진행중",$Z68>0,$AJ$1-$AE68>=10),"미청구(청구지연)","정상")))) -> 정상
A69: C0070 | C69: 남 | D69: 19521117 | E69: 010-5032-3515 | F69: 서울특별시 | G69: 강남구 | H69: 강남세브란스병원 | I69: 현대해상 | J69: L02132431355 | K69: 2021.06.15 | L69: 2021.06.15 | Q69: 질병 | S69: 2026.04.01 | U69: 입원 | V69: 5-7일 | W69: 서비스 취소 | X69: =COUNTIF('간병인배정'!$B:$B,$A69) -> 0 | Y69: =SUMIF('간병비지급'!$B:$B,$A69,'간병비지급'!$I:$I) -> 0 | Z69: =COUNTIF('보험청구'!$B:$B,$A69) -> 0 | AA69: =COUNTIFS('보험청구'!$B:$B,$A69,'보험청구'!$J:$J,"미확인") -> 0 | AB69: =SUMIF('보험청구'!$B:$B,$A69,'보험청구'!$I:$I) -> 0 | AC69: =SUMIF('보험청구'!$B:$B,$A69,'보험청구'!$L:$L) -> 0 | AF69: =IF($AE69="","",$AJ$1-$AE69) | AG69: =IF(OR($W69="서비스 취소",$W69="서비스취소",$W69="미해당",$W69="예정",$W69=""),"제외",IF(AND($W69="완료",$Z69=0),"미청구(완료·무청구)",IF(AND($W69="진행중",$Z69=0,$AD69<>"",$AJ$1-$AD69>=10),"미청구(청구시작안됨)",IF(AND($W69="진행중",$Z69>0,$AJ$1-$AE69>=10),"미청구(청구지연)","정상")))) -> 제외 | AH69: 간병인 섭외중 퇴원
A70: C0071 | B70: 김용신 | C70: 남 | D70: 19680210 | E70: 010-9788-9621 | F70: 서울특별시 | G70: 동대문구 | H70: 경희대학교 의료원 | I70: 현대해상 | J70: L02104300231 | K70: 2021.02.10 | L70: 2604048314 | M70: 이경숙 | N70: 02-2181-2762 | Q70: 질병 | S70: 2026.04.02 | U70: 입원 | V70: 퇴원시까지 | W70: 완료 | X70: =COUNTIF('간병인배정'!$B:$B,$A70) -> 1 | Y70: =SUMIF('간병비지급'!$B:$B,$A70,'간병비지급'!$I:$I) -> 945000 | Z70: =COUNTIF('보험청구'!$B:$B,$A70) -> 1 | AA70: =COUNTIFS('보험청구'!$B:$B,$A70,'보험청구'!$J:$J,"미확인") -> 0 | AB70: =SUMIF('보험청구'!$B:$B,$A70,'보험청구'!$I:$I) -> 980000 | AC70: =SUMIF('보험청구'!$B:$B,$A70,'보험청구'!$L:$L) -> 0 | AD70: 46114 | AE70: 46121 | AF70: =IF($AE70="","",$AJ$1-$AE70) -> 162 | AG70: =IF(OR($W70="서비스 취소",$W70="서비스취소",$W70="미해당",$W70="예정",$W70=""),"제외",IF(AND($W70="완료",$Z70=0),"미청구(완료·무청구)",IF(AND($W70="진행중",$Z70=0,$AD70<>"",$AJ$1-$AD70>=10),"미청구(청구시작안됨)",IF(AND($W70="진행중",$Z70>0,$AJ$1-$AE70>=10),"미청구(청구지연)","정상")))) -> 정상
A71: C0072 | B71: 김용신 | C71: 남 | D71: 19680210 | E71: 010-9788-9621 | F71: 서울특별시 | G71: 동대문구 | H71: 경희대학교 의료원 | I71: 현대해상 | J71: L02104300231 | K71: 2021.02.10 | L71: 2604048314 | M71: 이경숙 | N71: 02-2181-2762 | Q71: 질병 | S71: 2026.04.02 | U71: 입원 | V71: 퇴원시까지 | W71: 완료 | X71: =COUNTIF('간병인배정'!$B:$B,$A71) -> 1 | Y71: =SUMIF('간병비지급'!$B:$B,$A71,'간병비지급'!$I:$I) -> 945000 | Z71: =COUNTIF('보험청구'!$B:$B,$A71) -> 1 | AA71: =COUNTIFS('보험청구'!$B:$B,$A71,'보험청구'!$J:$J,"미확인") -> 0 | AB71: =SUMIF('보험청구'!$B:$B,$A71,'보험청구'!$I:$I) -> 980000 | AC71: =SUMIF('보험청구'!$B:$B,$A71,'보험청구'!$L:$L) -> 0 | AD71: 46121 | AE71: 46128 | AF71: =IF($AE71="","",$AJ$1-$AE71) -> 155 | AG71: =IF(OR($W71="서비스 취소",$W71="서비스취소",$W71="미해당",$W71="예정",$W71=""),"제외",IF(AND($W71="완료",$Z71=0),"미청구(완료·무청구)",IF(AND($W71="진행중",$Z71=0,$AD71<>"",$AJ$1-$AD71>=10),"미청구(청구시작안됨)",IF(AND($W71="진행중",$Z71>0,$AJ$1-$AE71>=10),"미청구(청구지연)","정상")))) -> 정상
A72: C0073 | B72: 김용신 | C72: 남 | D72: 19680210 | E72: 010-9788-9621 | F72: 서울특별시 | G72: 동대문구 | H72: 경희대학교 의료원 | I72: 현대해상 | J72: L02104300231 | K72: 2021.02.10 | L72: 2604048314 | M72: 이경숙 | N72: 02-2181-2762 | Q72: 질병 | S72: 2026.04.02 | U72: 입원 | V72: 퇴원시까지 | W72: 완료 | X72: =COUNTIF('간병인배정'!$B:$B,$A72) -> 1 | Y72: =SUMIF('간병비지급'!$B:$B,$A72,'간병비지급'!$I:$I) -> 810000 | Z72: =COUNTIF('보험청구'!$B:$B,$A72) -> 1 | AA72: =COUNTIFS('보험청구'!$B:$B,$A72,'보험청구'!$J:$J,"미확인") -> 0 | AB72: =SUMIF('보험청구'!$B:$B,$A72,'보험청구'!$I:$I) -> 980000 | AC72: =SUMIF('보험청구'!$B:$B,$A72,'보험청구'!$L:$L) -> 0 | AD72: 46146 | AE72: 46153 | AF72: =IF($AE72="","",$AJ$1-$AE72) -> 130 | AG72: =IF(OR($W72="서비스 취소",$W72="서비스취소",$W72="미해당",$W72="예정",$W72=""),"제외",IF(AND($W72="완료",$Z72=0),"미청구(완료·무청구)",IF(AND($W72="진행중",$Z72=0,$AD72<>"",$AJ$1-$AD72>=10),"미청구(청구시작안됨)",IF(AND($W72="진행중",$Z72>0,$AJ$1-$AE72>=10),"미청구(청구지연)","정상")))) -> 정상 | AH72: 중환자실=>병동 (간병사 요청)
A73: C0074 | B73: 김용신 | C73: 남 | D73: 19680210 | E73: 010-9788-9621 | F73: 서울특별시 | G73: 동대문구 | H73: 경희대학교 의료원 | I73: 현대해상 | J73: L02104300231 | K73: 2021.02.10 | L73: 2604048314 | M73: 이경숙 | N73: 02-2181-2762 | Q73: 질병 | S73: 2026.04.02 | U73: 입원 | V73: 퇴원시까지 | W73: 완료 | X73: =COUNTIF('간병인배정'!$B:$B,$A73) -> 1 | Y73: =SUMIF('간병비지급'!$B:$B,$A73,'간병비지급'!$I:$I) -> 1485000 | Z73: =COUNTIF('보험청구'!$B:$B,$A73) -> 1 | AA73: =COUNTIFS('보험청구'!$B:$B,$A73,'보험청구'!$J:$J,"미확인") -> 0 | AB73: =SUMIF('보험청구'!$B:$B,$A73,'보험청구'!$I:$I) -> 1680000 | AC73: =SUMIF('보험청구'!$B:$B,$A73,'보험청구'!$L:$L) -> 0 | AD73: 46153 | AE73: 46164 | AF73: =IF($AE73="","",$AJ$1-$AE73) -> 119 | AG73: =IF(OR($W73="서비스 취소",$W73="서비스취소",$W73="미해당",$W73="예정",$W73=""),"제외",IF(AND($W73="완료",$Z73=0),"미청구(완료·무청구)",IF(AND($W73="진행중",$Z73=0,$AD73<>"",$AJ$1-$AD73>=10),"미청구(청구시작안됨)",IF(AND($W73="진행중",$Z73>0,$AJ$1-$AE73>=10),"미청구(청구지연)","정상")))) -> 정상
A74: C0075 | B74: 김리아 | C74: 여 | D74: 20240405 | E74: 010-6578-1880 | F74: 부산광역시 | G74: 해운대구 | H74: 푸른바다병원 | I74: 현대해상 | J74: L02353199742 | K74: 2023.10.19 | L74: 2604192301 | M74: 인나현 | N74: 02-2181-2369 | Q74: 질병 | S74: 2026.04.02 | U74: 입원 | V74: 퇴원시까지 | W74: 완료 | X74: =COUNTIF('간병인배정'!$B:$B,$A74) -> 1 | Y74: =SUMIF('간병비지급'!$B:$B,$A74,'간병비지급'!$I:$I) -> 390000 | Z74: =COUNTIF('보험청구'!$B:$B,$A74) -> 1 | AA74: =COUNTIFS('보험청구'!$B:$B,$A74,'보험청구'!$J:$J,"미확인") -> 0 | AB74: =SUMIF('보험청구'!$B:$B,$A74,'보험청구'!$I:$I) -> 432000 | AC74: =SUMIF('보험청구'!$B:$B,$A74,'보험청구'!$L:$L) -> 0 | AD74: 46115 | AE74: 46118 | AF74: =IF($AE74="","",$AJ$1-$AE74) -> 165 | AG74: =IF(OR($W74="서비스 취소",$W74="서비스취소",$W74="미해당",$W74="예정",$W74=""),"제외",IF(AND($W74="완료",$Z74=0),"미청구(완료·무청구)",IF(AND($W74="진행중",$Z74=0,$AD74<>"",$AJ$1-$AD74>=10),"미청구(청구시작안됨)",IF(AND($W74="진행중",$Z74>0,$AJ$1-$AE74>=10),"미청구(청구지연)","정상")))) -> 정상
A75: C0076 | B75: 나재균 | C75: 남 | D75: 19811030 | E75: 010-7626-4982 | F75: 전라남도 | G75: 순천시 | H75: 성가롤로병원 | I75: 현대해상 | J75: L02537080155 | K75: 2025.08.18 | L75: 2604192460 | M75: 김민경 | N75: 02-2181-2623 | Q75: 질병 | S75: 2026.04.02 | U75: 입원 | V75: 퇴원시까지 | W75: 완료 | X75: =COUNTIF('간병인배정'!$B:$B,$A75) -> 1 | Y75: =SUMIF('간병비지급'!$B:$B,$A75,'간병비지급'!$I:$I) -> 1350000 | Z75: =COUNTIF('보험청구'!$B:$B,$A75) -> 1 | AA75: =COUNTIFS('보험청구'!$B:$B,$A75,'보험청구'!$J:$J,"미확인") -> 0 | AB75: =SUMIF('보험청구'!$B:$B,$A75,'보험청구'!$I:$I) -> 1440000 | AC75: =SUMIF('보험청구'!$B:$B,$A75,'보험청구'!$L:$L) -> 0 | AD75: 46115 | AE75: 46125 | AF75: =IF($AE75="","",$AJ$1-$AE75) -> 158 | AG75: =IF(OR($W75="서비스 취소",$W75="서비스취소",$W75="미해당",$W75="예정",$W75=""),"제외",IF(AND($W75="완료",$Z75=0),"미청구(완료·무청구)",IF(AND($W75="진행중",$Z75=0,$AD75<>"",$AJ$1-$AD75>=10),"미청구(청구시작안됨)",IF(AND($W75="진행중",$Z75>0,$AJ$1-$AE75>=10),"미청구(청구지연)","정상")))) -> 정상
A76: C0077 | B76: 안순옥 | C76: 여 | D76: 19470205 | E76: 010-8844-4102 | F76: 충청북도 | G76: 충주시 | H76: 충주시 주덕읍 화곡리길 81-10 | I76: 현대해상(SCOR) | J76: L02547780850 | K76: 2025.10.29 | L76: 2604302425 | M76: 윤승준 | N76: 02-2181-2718 | Q76: 질병 | S76: 2026.04.06 | U76: 재택 | V76: 7일 가능 | W76: 서비스 취소 | X76: =COUNTIF('간병인배정'!$B:$B,$A76) -> 1 | Y76: =SUMIF('간병비지급'!$B:$B,$A76,'간병비지급'!$I:$I) -> 0 | Z76: =COUNTIF('보험청구'!$B:$B,$A76) -> 0 | AA76: =COUNTIFS('보험청구'!$B:$B,$A76,'보험청구'!$J:$J,"미확인") -> 0 | AB76: =SUMIF('보험청구'!$B:$B,$A76,'보험청구'!$I:$I) -> 0 | AC76: =SUMIF('보험청구'!$B:$B,$A76,'보험청구'!$L:$L) -> 0 | AD76: 46121 | AF76: =IF($AE76="","",$AJ$1-$AE76) | AG76: =IF(OR($W76="서비스 취소",$W76="서비스취소",$W76="미해당",$W76="예정",$W76=""),"제외",IF(AND($W76="완료",$Z76=0),"미청구(완료·무청구)",IF(AND($W76="진행중",$Z76=0,$AD76<>"",$AJ$1-$AD76>=10),"미청구(청구시작안됨)",IF(AND($W76="진행중",$Z76>0,$AJ$1-$AE76>=10),"미청구(청구지연)","정상")))) -> 제외
A77: C0078 | B77: 최경희 | C77: 여 | D77: 19750106 | E77: 010-3453-5273 | F77: 대구광역시 | G77: 남구 | H77: 영남대학교병원 | I77: 현대해상 | J77: L02255438202 | K77: 2022.12.08 | L77: 2604302680 | M77: 정대훈 | N77: 02-2181-2771 | Q77: 질병 | S77: 2026.04.06 | U77: 입원 | V77: 퇴원시까지 | W77: 완료 | X77: =COUNTIF('간병인배정'!$B:$B,$A77) -> 1 | Y77: =SUMIF('간병비지급'!$B:$B,$A77,'간병비지급'!$I:$I) -> 540000 | Z77: =COUNTIF('보험청구'!$B:$B,$A77) -> 1 | AA77: =COUNTIFS('보험청구'!$B:$B,$A77,'보험청구'!$J:$J,"미확인") -> 0 | AB77: =SUMIF('보험청구'!$B:$B,$A77,'보험청구'!$I:$I) -> 720000 | AC77: =SUMIF('보험청구'!$B:$B,$A77,'보험청구'!$L:$L) -> 0 | AD77: 46119 | AE77: 46123 | AF77: =IF($AE77="","",$AJ$1-$AE77) -> 160 | AG77: =IF(OR($W77="서비스 취소",$W77="서비스취소",$W77="미해당",$W77="예정",$W77=""),"제외",IF(AND($W77="완료",$Z77=0),"미청구(완료·무청구)",IF(AND($W77="진행중",$Z77=0,$AD77<>"",$AJ$1-$AD77>=10),"미청구(청구시작안됨)",IF(AND($W77="진행중",$Z77>0,$AJ$1-$AE77>=10),"미청구(청구지연)","정상")))) -> 정상
A78: C0079 | B78: 최경희 | C78: 여 | D78: 19750106 | E78: 010-3453-5273 | F78: 대구광역시 | G78: 남구 | H78: 영남대학교병원 | I78: 현대해상 | J78: L02255438202 | K78: 2022.12.08 | L78: 2604302680 | M78: 정대훈 | N78: 02-2181-2771 | Q78: 질병 | S78: 2026.05.08 | U78: 입원 | V78: 퇴원시까지 | W78: 완료 | X78: =COUNTIF('간병인배정'!$B:$B,$A78) -> 1 | Y78: =SUMIF('간병비지급'!$B:$B,$A78,'간병비지급'!$I:$I) -> 290000 | Z78: =COUNTIF('보험청구'!$B:$B,$A78) -> 1 | AA78: =COUNTIFS('보험청구'!$B:$B,$A78,'보험청구'!$J:$J,"미확인") -> 0 | AB78: =SUMIF('보험청구'!$B:$B,$A78,'보험청구'!$I:$I) -> 0 | AC78: =SUMIF('보험청구'!$B:$B,$A78,'보험청구'!$L:$L) -> 0 | AD78: 46151 | AF78: =IF($AE78="","",$AJ$1-$AE78) | AG78: =IF(OR($W78="서비스 취소",$W78="서비스취소",$W78="미해당",$W78="예정",$W78=""),"제외",IF(AND($W78="완료",$Z78=0),"미청구(완료·무청구)",IF(AND($W78="진행중",$Z78=0,$AD78<>"",$AJ$1-$AD78>=10),"미청구(청구시작안됨)",IF(AND($W78="진행중",$Z78>0,$AJ$1-$AE78>=10),"미청구(청구지연)","정상")))) -> 정상 | AH78: 퇴원후 재입원=>서비스요청
A79: C0080 | B79: 최경희 | C79: 여 | D79: 19750106 | E79: 010-3453-5273 | F79: 대구광역시 | G79: 남구 | H79: 영남대학교병원 | I79: 현대해상 | J79: L02255438202 | K79: 2022.12.08 | L79: 2604302680 | M79: 정대훈 | N79: 02-2181-2771 | Q79: 질병 | S79: 2026.05.08 | U79: 입원 | V79: 퇴원시까지 | W79: 완료 | X79: =COUNTIF('간병인배정'!$B:$B,$A79) -> 1 | Y79: =SUMIF('간병비지급'!$B:$B,$A79,'간병비지급'!$I:$I) -> 530000 | Z79: =COUNTIF('보험청구'!$B:$B,$A79) -> 1 | AA79: =COUNTIFS('보험청구'!$B:$B,$A79,'보험청구'!$J:$J,"미확인") -> 0 | AB79: =SUMIF('보험청구'!$B:$B,$A79,'보험청구'!$I:$I) -> 0 | AC79: =SUMIF('보험청구'!$B:$B,$A79,'보험청구'!$L:$L) -> 0 | AD79: 46153 | AF79: =IF($AE79="","",$AJ$1-$AE79) | AG79: =IF(OR($W79="서비스 취소",$W79="서비스취소",$W79="미해당",$W79="예정",$W79=""),"제외",IF(AND($W79="완료",$Z79=0),"미청구(완료·무청구)",IF(AND($W79="진행중",$Z79=0,$AD79<>"",$AJ$1-$AD79>=10),"미청구(청구시작안됨)",IF(AND($W79="진행중",$Z79>0,$AJ$1-$AE79>=10),"미청구(청구지연)","정상")))) -> 정상 | AH79: 퇴원후 재입원=>서비스요청
A80: C0081 | B80: 최경희 | C80: 여 | D80: 19750106 | E80: 010-3453-5273 | F80: 대구광역시 | G80: 남구 | H80: 영남대학교병원 | I80: 현대해상 | J80: L02255438202 | K80: 2022.12.08 | L80: 2604302680 | M80: 정대훈 | N80: 02-2181-2771 | Q80: 질병 | S80: 2026.05.08 | U80: 입원 | V80: 퇴원시까지 | W80: 완료 | X80: =COUNTIF('간병인배정'!$B:$B,$A80) -> 1 | Y80: =SUMIF('간병비지급'!$B:$B,$A80,'간병비지급'!$I:$I) -> 5440000 | Z80: =COUNTIF('보험청구'!$B:$B,$A80) -> 3 | AA80: =COUNTIFS('보험청구'!$B:$B,$A80,'보험청구'!$J:$J,"미확인") -> 0 | AB80: =SUMIF('보험청구'!$B:$B,$A80,'보험청구'!$I:$I) -> 4608000 | AC80: =SUMIF('보험청구'!$B:$B,$A80,'보험청구'!$L:$L) -> 0 | AD80: 46157 | AE80: 46185 | AF80: =IF($AE80="","",$AJ$1-$AE80) -> 98 | AG80: =IF(OR($W80="서비스 취소",$W80="서비스취소",$W80="미해당",$W80="예정",$W80=""),"제외",IF(AND($W80="완료",$Z80=0),"미청구(완료·무청구)",IF(AND($W80="진행중",$Z80=0,$AD80<>"",$AJ$1-$AD80>=10),"미청구(청구시작안됨)",IF(AND($W80="진행중",$Z80>0,$AJ$1-$AE80>=10),"미청구(청구지연)","정상")))) -> 정상
A81: C0082 | B81: 최경희 | C81: 여 | D81: 19750106 | E81: 010-3453-5273 | F81: 대구광역시 | G81: 남구 | H81: 영남대학교병원 | I81: 현대해상 | J81: L02255438202 | K81: 2022.12.08 | L81: 2604302680 | M81: 정대훈 | N81: 02-2181-2771 | Q81: 질병 | S81: 2026.05.08 | U81: 입원 | W81: 완료 | X81: =COUNTIF('간병인배정'!$B:$B,$A81) -> 1 | Y81: =SUMIF('간병비지급'!$B:$B,$A81,'간병비지급'!$I:$I) -> 750000 | Z81: =COUNTIF('보험청구'!$B:$B,$A81) -> 1 | AA81: =COUNTIFS('보험청구'!$B:$B,$A81,'보험청구'!$J:$J,"미확인") -> 0 | AB81: =SUMIF('보험청구'!$B:$B,$A81,'보험청구'!$I:$I) -> 720000 | AC81: =SUMIF('보험청구'!$B:$B,$A81,'보험청구'!$L:$L) -> 0 | AD81: 46187 | AE81: 46198 | AF81: =IF($AE81="","",$AJ$1-$AE81) -> 85 | AG81: =IF(OR($W81="서비스 취소",$W81="서비스취소",$W81="미해당",$W81="예정",$W81=""),"제외",IF(AND($W81="완료",$Z81=0),"미청구(완료·무청구)",IF(AND($W81="진행중",$Z81=0,$AD81<>"",$AJ$1-$AD81>=10),"미청구(청구시작안됨)",IF(AND($W81="진행중",$Z81>0,$AJ$1-$AE81>=10),"미청구(청구지연)","정상")))) -> 정상
A82: C0083 | B82: 최경희 | C82: 여 | D82: 19750106 | E82: 010-3453-5273 | F82: 대구광역시 | G82: 서구 | H82: 더나은병원 | I82: 현대해상 | J82: L02255438202 | K82: 2022.12.08 | L82: 2604302680 | M82: 정대훈 | N82: 02-2181-2771 | Q82: 질병 | S82: 2026.05.08 | U82: 입원 | W82: 진행중 | X82: =COUNTIF('간병인배정'!$B:$B,$A82) -> 1 | Y82: =SUMIF('간병비지급'!$B:$B,$A82,'간병비지급'!$I:$I) -> 9750000 | Z82: =COUNTIF('보험청구'!$B:$B,$A82) -> 9 | AA82: =COUNTIFS('보험청구'!$B:$B,$A82,'보험청구'!$J:$J,"미확인") -> 0 | AB82: =SUMIF('보험청구'!$B:$B,$A82,'보험청구'!$I:$I) -> 6336000 | AC82: =SUMIF('보험청구'!$B:$B,$A82,'보험청구'!$L:$L) -> 3564000 | AD82: 46198 | AE82: 46275 | AF82: =IF($AE82="","",$AJ$1-$AE82) -> 8 | AG82: =IF(OR($W82="서비스 취소",$W82="서비스취소",$W82="미해당",$W82="예정",$W82=""),"제외",IF(AND($W82="완료",$Z82=0),"미청구(완료·무청구)",IF(AND($W82="진행중",$Z82=0,$AD82<>"",$AJ$1-$AD82>=10),"미청구(청구시작안됨)",IF(AND($W82="진행중",$Z82>0,$AJ$1-$AE82>=10),"미청구(청구지연)","정상")))) -> 정상
A83: C0084 | B83: 김옥경 | C83: 여 | D83: 19661230 | E83: 010-3875-7912 | F83: 울산광역시 | G83: 울주군 | H83: 미근길 133-2 | I83: 현대해상(SCOR) | J83: L02546672401 | K83: 2025.10.23 | L83: 2604303152 | M83: 박모란 | N83: 042-602-7012 | Q83: 질병 | S83: 2026.04.06 | U83: 재택 | V83: 2일 | W83: 서비스 취소 | X83: =COUNTIF('간병인배정'!$B:$B,$A83) -> 1 | Y83: =SUMIF('간병비지급'!$B:$B,$A83,'간병비지급'!$I:$I) -> 0 | Z83: =COUNTIF('보험청구'!$B:$B,$A83) -> 0 | AA83: =COUNTIFS('보험청구'!$B:$B,$A83,'보험청구'!$J:$J,"미확인") -> 0 | AB83: =SUMIF('보험청구'!$B:$B,$A83,'보험청구'!$I:$I) -> 0 | AC83: =SUMIF('보험청구'!$B:$B,$A83,'보험청구'!$L:$L) -> 0 | AF83: =IF($AE83="","",$AJ$1-$AE83) | AG83: =IF(OR($W83="서비스 취소",$W83="서비스취소",$W83="미해당",$W83="예정",$W83=""),"제외",IF(AND($W83="완료",$Z83=0),"미청구(완료·무청구)",IF(AND($W83="진행중",$Z83=0,$AD83<>"",$AJ$1-$AD83>=10),"미청구(청구시작안됨)",IF(AND($W83="진행중",$Z83>0,$AJ$1-$AE83>=10),"미청구(청구지연)","정상")))) -> 제외 | AH83: 본인 서비스 취소
A84: C0085 | B84: 고수연 | C84: 여 | F84: 제주특별자치도 | G84: 제주시 | H84: 제주도 제주시 정존3길 11, 웰빙파크 102호 | I84: 현대해상(SCOR) | J84: L02544870641 | K84: 2025.10.10 | L84: 2604402850 | M84: 차연희 | N84: 02-2181-2720 | Q84: 질병 | S84: 2026.04.08 | U84: 재택 | V84: 14일 | W84: 완료 | X84: =COUNTIF('간병인배정'!$B:$B,$A84) -> 1 | Y84: =SUMIF('간병비지급'!$B:$B,$A84,'간병비지급'!$I:$I) -> 0 | Z84: =COUNTIF('보험청구'!$B:$B,$A84) -> 1 | AA84: =COUNTIFS('보험청구'!$B:$B,$A84,'보험청구'!$J:$J,"미확인") -> 0 | AB84: =SUMIF('보험청구'!$B:$B,$A84,'보험청구'!$I:$I) -> 1290000 | AC84: =SUMIF('보험청구'!$B:$B,$A84,'보험청구'!$L:$L) -> 0 | AD84: 46126 | AE84: 46175 | AF84: =IF($AE84="","",$AJ$1-$AE84) -> 108 | AG84: =IF(OR($W84="서비스 취소",$W84="서비스취소",$W84="미해당",$W84="예정",$W84=""),"제외",IF(AND($W84="완료",$Z84=0),"미청구(완료·무청구)",IF(AND($W84="진행중",$Z84=0,$AD84<>"",$AJ$1-$AD84>=10),"미청구(청구시작안됨)",IF(AND($W84="진행중",$Z84>0,$AJ$1-$AE84>=10),"미청구(청구지연)","정상")))) -> 정상
A85: C0086 | B85: 오영숙 | C85: 여 | F85: 서울특별시 | G85: 중랑구 | H85: 서울의료원 | I85: 현대해상 | J85: L02234908224 | K85: 2022.08.02 | L85: 2604403048 | M85: 이지혜 | N85: 062-602-3911 | Q85: 질병 | S85: 2026.04.08 | T85: 2026.04.22 | U85: 입원 | V85: 6~7일 | W85: 완료 | X85: =COUNTIF('간병인배정'!$B:$B,$A85) -> 1 | Y85: =SUMIF('간병비지급'!$B:$B,$A85,'간병비지급'!$I:$I) -> 2520000 | Z85: =COUNTIF('보험청구'!$B:$B,$A85) -> 2 | AA85: =COUNTIFS('보험청구'!$B:$B,$A85,'보험청구'!$J:$J,"미확인") -> 0 | AB85: =SUMIF('보험청구'!$B:$B,$A85,'보험청구'!$I:$I) -> 1728000 | AC85: =SUMIF('보험청구'!$B:$B,$A85,'보험청구'!$L:$L) -> 0 | AD85: 46134 | AE85: 46146 | AF85: =IF($AE85="","",$AJ$1-$AE85) -> 137 | AG85: =IF(OR($W85="서비스 취소",$W85="서비스취소",$W85="미해당",$W85="예정",$W85=""),"제외",IF(AND($W85="완료",$Z85=0),"미청구(완료·무청구)",IF(AND($W85="진행중",$Z85=0,$AD85<>"",$AJ$1-$AD85>=10),"미청구(청구시작안됨)",IF(AND($W85="진행중",$Z85>0,$AJ$1-$AE85>=10),"미청구(청구지연)","정상")))) -> 정상
A86: C0087 | B86: 지영희 | C86: 여 | D86: 19581016 | E86: 010-5440-0886 | F86: 서울특별시 | G86: 광진구 | H86: 편안한요양병원(구의동) | I86: 현대해상 | J86: L02217077673 | K86: 2022.04.15 | L86: 2604401986 | M86: 권나라 | N86: 042-829-1499 | Q86: 질병 | S86: 2026.04.08 | T86: 2026.04.16 | U86: 입원 | V86: 퇴원시까지 | W86: 완료 | X86: =COUNTIF('간병인배정'!$B:$B,$A86) -> 1 | Y86: =SUMIF('간병비지급'!$B:$B,$A86,'간병비지급'!$I:$I) -> 13380000 | Z86: =COUNTIF('보험청구'!$B:$B,$A86) -> 6 | AA86: =COUNTIFS('보험청구'!$B:$B,$A86,'보험청구'!$J:$J,"미확인") -> 0 | AB86: =SUMIF('보험청구'!$B:$B,$A86,'보험청구'!$I:$I) -> 12960000 | AC86: =SUMIF('보험청구'!$B:$B,$A86,'보험청구'!$L:$L) -> 441000 | AD86: 46138 | AE86: 46234 | AF86: =IF($AE86="","",$AJ$1-$AE86) -> 49 | AG86: =IF(OR($W86="서비스 취소",$W86="서비스취소",$W86="미해당",$W86="예정",$W86=""),"제외",IF(AND($W86="완료",$Z86=0),"미청구(완료·무청구)",IF(AND($W86="진행중",$Z86=0,$AD86<>"",$AJ$1-$AD86>=10),"미청구(청구시작안됨)",IF(AND($W86="진행중",$Z86>0,$AJ$1-$AE86>=10),"미청구(청구지연)","정상")))) -> 정상
A87: C0088 | B87: 지영희 | C87: 여 | D87: 19581016 | E87: 010-5440-0886 | F87: 서울특별시 | G87: 광진구 | H87: 편안한요양병원(구의동) | I87: 현대해상 | J87: L02217077673 | K87: 2022.04.15 | L87: 2604401986 | M87: 권나라 | N87: 042-829-1499 | Q87: 질병 | S87: 2026.04.08 | T87: 2026.04.16 | U87: 입원 | V87: 퇴원시까지 | W87: 진행중 | X87: =COUNTIF('간병인배정'!$B:$B,$A87) -> 1 | Y87: =SUMIF('간병비지급'!$B:$B,$A87,'간병비지급'!$I:$I) -> 6885000 | Z87: =COUNTIF('보험청구'!$B:$B,$A87) -> 5 | AA87: =COUNTIFS('보험청구'!$B:$B,$A87,'보험청구'!$J:$J,"미확인") -> 0 | AB87: =SUMIF('보험청구'!$B:$B,$A87,'보험청구'!$I:$I) -> 2835000 | AC87: =SUMIF('보험청구'!$B:$B,$A87,'보험청구'!$L:$L) -> 3064000 | AD87: 46234 | AE87: 46275 | AF87: =IF($AE87="","",$AJ$1-$AE87) -> 8 | AG87: =IF(OR($W87="서비스 취소",$W87="서비스취소",$W87="미해당",$W87="예정",$W87=""),"제외",IF(AND($W87="완료",$Z87=0),"미청구(완료·무청구)",IF(AND($W87="진행중",$Z87=0,$AD87<>"",$AJ$1-$AD87>=10),"미청구(청구시작안됨)",IF(AND($W87="진행중",$Z87>0,$AJ$1-$AE87>=10),"미청구(청구지연)","정상")))) -> 정상 | AH87: 1개월에 한번씩 청구해 달라(고객 입원서류), 5월26일 권나라님 통화8월12일이후 입금미확인
A88: C0089 | B88: 조순호 | C88: 남 | D88: 19680224 | E88: 010-2439-4884 | F88: 서울특별시 | G88: 동대문구 | H88: 경희의료원 | I88: 현대해상 | J88: L02219238024 | K88: 2022.04.28 | L88: 2604478964 | M88: 노희정 | N88: 062-602-3910 | Q88: 질병 | S88: 2026.04.10 | T88: 2026.04.13 | U88: 입원 | V88: 7일 | W88: 완료 | X88: =COUNTIF('간병인배정'!$B:$B,$A88) -> 1 | Y88: =SUMIF('간병비지급'!$B:$B,$A88,'간병비지급'!$I:$I) -> 560000 | Z88: =COUNTIF('보험청구'!$B:$B,$A88) -> 1 | AA88: =COUNTIFS('보험청구'!$B:$B,$A88,'보험청구'!$J:$J,"미확인") -> 0 | AB88: =SUMIF('보험청구'!$B:$B,$A88,'보험청구'!$I:$I) -> 675000 | AC88: =SUMIF('보험청구'!$B:$B,$A88,'보험청구'!$L:$L) -> 0 | AD88: 46125 | AE88: 46130 | AF88: =IF($AE88="","",$AJ$1-$AE88) -> 153 | AG88: =IF(OR($W88="서비스 취소",$W88="서비스취소",$W88="미해당",$W88="예정",$W88=""),"제외",IF(AND($W88="완료",$Z88=0),"미청구(완료·무청구)",IF(AND($W88="진행중",$Z88=0,$AD88<>"",$AJ$1-$AD88>=10),"미청구(청구시작안됨)",IF(AND($W88="진행중",$Z88>0,$AJ$1-$AE88>=10),"미청구(청구지연)","정상")))) -> 정상 | AH88: 보호자 조수영 / 한창우 04.16 하루 미간병
A89: C0090 | B89: 김경재 | C89: 여 | F89: 경기도 | G89: 남양주시 | H89: 한양병원 | I89: 현대해상 | J89: L02122819667 | K89: 2021.04.26 | L89: 2605075553 2604544391 | M89: 최은아 | N89: 062-602-3965 | Q89: 질병 | S89: 2026.04.13 | T89: 2026.04.13 | U89: 입원 | V89: 7일 | W89: 완료 | X89: =COUNTIF('간병인배정'!$B:$B,$A89) -> 1 | Y89: =SUMIF('간병비지급'!$B:$B,$A89,'간병비지급'!$I:$I) -> 1120000 | Z89: =COUNTIF('보험청구'!$B:$B,$A89) -> 1 | AA89: =COUNTIFS('보험청구'!$B:$B,$A89,'보험청구'!$J:$J,"미확인") -> 0 | AB89: =SUMIF('보험청구'!$B:$B,$A89,'보험청구'!$I:$I) -> 1152000 | AC89: =SUMIF('보험청구'!$B:$B,$A89,'보험청구'!$L:$L) -> 0 | AD89: 46126 | AE89: 46134 | AF89: =IF($AE89="","",$AJ$1-$AE89) -> 149 | AG89: =IF(OR($W89="서비스 취소",$W89="서비스취소",$W89="미해당",$W89="예정",$W89=""),"제외",IF(AND($W89="완료",$Z89=0),"미청구(완료·무청구)",IF(AND($W89="진행중",$Z89=0,$AD89<>"",$AJ$1-$AD89>=10),"미청구(청구시작안됨)",IF(AND($W89="진행중",$Z89>0,$AJ$1-$AE89>=10),"미청구(청구지연)","정상")))) -> 정상
A90: C0091 | B90: 최덕순 | C90: 여 | D90: 19520316 | E90: 010-2255-4186 | F90: 경상남도 | G90: 창원시 | H90: 메트로병원 | I90: 현대해상 | J90: L02141347179 | K90: 2021.07.29 | L90: 2604671400 | M90: 하태영 | N90: 051-602-5720 053-640-4764 | Q90: 질병 | S90: 2026.04.15 | T90: 2026.04.17 | U90: 입원 | V90: 7일 | W90: 완료 | X90: =COUNTIF('간병인배정'!$B:$B,$A90) -> 1 | Y90: =SUMIF('간병비지급'!$B:$B,$A90,'간병비지급'!$I:$I) -> 870000 | Z90: =COUNTIF('보험청구'!$B:$B,$A90) -> 1 | AA90: =COUNTIFS('보험청구'!$B:$B,$A90,'보험청구'!$J:$J,"미확인") -> 0 | AB90: =SUMIF('보험청구'!$B:$B,$A90,'보험청구'!$I:$I) -> 903000 | AC90: =SUMIF('보험청구'!$B:$B,$A90,'보험청구'!$L:$L) -> 0 | AD90: 46129 | AE90: 46135 | AF90: =IF($AE90="","",$AJ$1-$AE90) -> 148 | AG90: =IF(OR($W90="서비스 취소",$W90="서비스취소",$W90="미해당",$W90="예정",$W90=""),"제외",IF(AND($W90="완료",$Z90=0),"미청구(완료·무청구)",IF(AND($W90="진행중",$Z90=0,$AD90<>"",$AJ$1-$AD90>=10),"미청구(청구시작안됨)",IF(AND($W90="진행중",$Z90>0,$AJ$1-$AE90>=10),"미청구(청구지연)","정상")))) -> 정상
A91: C0092 | B91: 이영기 | C91: 여 | D91: 19641110 | E91: 010-9978-6575 | F91: 서울특별시 | G91: 강남구 | H91: 서울삼성병원 | I91: 현대해상 | J91: L02104893082 | K91: 2021.01.22 | L91: 2604671558 | M91: 배서은 | N91: 051-602-5720 | Q91: 질병 | S91: 2026.04.15 | T91: 2026.05.04 | U91: 입원 | V91: 7일 | W91: 완료 | X91: =COUNTIF('간병인배정'!$B:$B,$A91) -> 1 | Y91: =SUMIF('간병비지급'!$B:$B,$A91,'간병비지급'!$I:$I) -> 675000 | Z91: =COUNTIF('보험청구'!$B:$B,$A91) -> 1 | AA91: =COUNTIFS('보험청구'!$B:$B,$A91,'보험청구'!$J:$J,"미확인") -> 0 | AB91: =SUMIF('보험청구'!$B:$B,$A91,'보험청구'!$I:$I) -> 700000 | AC91: =SUMIF('보험청구'!$B:$B,$A91,'보험청구'!$L:$L) -> 0 | AD91: 46146 | AE91: 46151 | AF91: =IF($AE91="","",$AJ$1-$AE91) -> 132 | AG91: =IF(OR($W91="서비스 취소",$W91="서비스취소",$W91="미해당",$W91="예정",$W91=""),"제외",IF(AND($W91="완료",$Z91=0),"미청구(완료·무청구)",IF(AND($W91="진행중",$Z91=0,$AD91<>"",$AJ$1-$AD91>=10),"미청구(청구시작안됨)",IF(AND($W91="진행중",$Z91>0,$AJ$1-$AE91>=10),"미청구(청구지연)","정상")))) -> 정상
A92: C0093 | B92: 정춘영 | C92: 남 | D92: 19590703 | E92: 010-3689-7050 | F92: 전북특별자치도 | G92: 정읍시 | H92: 광주OK정형외과(광주광역시) | I92: 현대해상 | J92: L02104612143 | K92: 2021.01.21 | L92: 2604714799 | M92: 최은아 | N92: 062-602-3965 | S92: 2026.04.16 | T92: 2026.04.17 | U92: 입원 | W92: 완료 | X92: =COUNTIF('간병인배정'!$B:$B,$A92) -> 1 | Y92: =SUMIF('간병비지급'!$B:$B,$A92,'간병비지급'!$I:$I) -> 1110000 | Z92: =COUNTIF('보험청구'!$B:$B,$A92) -> 1 | AA92: =COUNTIFS('보험청구'!$B:$B,$A92,'보험청구'!$J:$J,"미확인") -> 0 | AB92: =SUMIF('보험청구'!$B:$B,$A92,'보험청구'!$I:$I) -> 1260000 | AC92: =SUMIF('보험청구'!$B:$B,$A92,'보험청구'!$L:$L) -> 0 | AD92: 46131 | AE92: 46139 | AF92: =IF($AE92="","",$AJ$1-$AE92) -> 144 | AG92: =IF(OR($W92="서비스 취소",$W92="서비스취소",$W92="미해당",$W92="예정",$W92=""),"제외",IF(AND($W92="완료",$Z92=0),"미청구(완료·무청구)",IF(AND($W92="진행중",$Z92=0,$AD92<>"",$AJ$1-$AD92>=10),"미청구(청구시작안됨)",IF(AND($W92="진행중",$Z92>0,$AJ$1-$AE92>=10),"미청구(청구지연)","정상")))) -> 정상 | AH92: 05.08 129만원 간병비 처리되었는데, 피보험자에게 지급된 내역 확인됨 (담당자 14:00 퇴근자임) => 확인 필요
A93: C0094 | B93: 김정은 | C93: 여 | D93: 19730809 | E93: 010-3687-5892 | F93: 경기도 | G93: 남양주시 | H93: 남양주시 도농로 34, 304동 403호 | I93: 현대해상(SCOR) | J93: L02544607314 | K93: 2025.10.02 | L93: 2604714970 | M93: 김소형 | N93: 042-829-1471 | Q93: 상해 | S93: 2026.04.16 | T93: 2026.04.17 | U93: 재택 | V93: 6일 | W93: 완료 | X93: =COUNTIF('간병인배정'!$B:$B,$A93) -> 1 | Y93: =SUMIF('간병비지급'!$B:$B,$A93,'간병비지급'!$I:$I) -> 480000 | Z93: =COUNTIF('보험청구'!$B:$B,$A93) -> 1 | AA93: =COUNTIFS('보험청구'!$B:$B,$A93,'보험청구'!$J:$J,"미확인") -> 0 | AB93: =SUMIF('보험청구'!$B:$B,$A93,'보험청구'!$I:$I) -> 516000 | AC93: =SUMIF('보험청구'!$B:$B,$A93,'보험청구'!$L:$L) -> 0 | AD93: 46129 | AE93: 46136 | AF93: =IF($AE93="","",$AJ$1-$AE93) -> 147 | AG93: =IF(OR($W93="서비스 취소",$W93="서비스취소",$W93="미해당",$W93="예정",$W93=""),"제외",IF(AND($W93="완료",$Z93=0),"미청구(완료·무청구)",IF(AND($W93="진행중",$Z93=0,$AD93<>"",$AJ$1-$AD93>=10),"미청구(청구시작안됨)",IF(AND($W93="진행중",$Z93>0,$AJ$1-$AE93>=10),"미청구(청구지연)","정상")))) -> 정상 | AH93: 가족간병(010-5357-9993)
A94: C0096 | B94: 김우현 | C94: 남 | D94: 19641227 | E94: 010-9377-5402 / 010-6338-9998 | F94: 대구광역시 | G94: 동구 | H94: 파티마병원 | I94: 현대해상 | J94: L02156928172 | K94: 2021.11.04 | L94: 2604779589 | M94: 조보아 | N94: 042-602-7027 | O94: 0507-071-0563 | S94: 2026.04.17 | T94: 2026.04.20 | U94: 입원 | V94: 7일 | W94: 완료 | X94: =COUNTIF('간병인배정'!$B:$B,$A94) -> 1 | Y94: =SUMIF('간병비지급'!$B:$B,$A94,'간병비지급'!$I:$I) -> 675000 | Z94: =COUNTIF('보험청구'!$B:$B,$A94) -> 1 | AA94: =COUNTIFS('보험청구'!$B:$B,$A94,'보험청구'!$J:$J,"미확인") -> 0 | AB94: =SUMIF('보험청구'!$B:$B,$A94,'보험청구'!$I:$I) -> 720000 | AC94: =SUMIF('보험청구'!$B:$B,$A94,'보험청구'!$L:$L) -> 0 | AD94: 46132 | AE94: 46136 | AF94: =IF($AE94="","",$AJ$1-$AE94) -> 147 | AG94: =IF(OR($W94="서비스 취소",$W94="서비스취소",$W94="미해당",$W94="예정",$W94=""),"제외",IF(AND($W94="완료",$Z94=0),"미청구(완료·무청구)",IF(AND($W94="진행중",$Z94=0,$AD94<>"",$AJ$1-$AD94>=10),"미청구(청구시작안됨)",IF(AND($W94="진행중",$Z94>0,$AJ$1-$AE94>=10),"미청구(청구지연)","정상")))) -> 정상
A95: C0097 | B95: 이담 | C95: 남 | D95: 19600914 | E95: 010-4309-4949 | F95: 서울특별시 | G95: 은평구 | H95: 가톨릭대학교 은평성모병원 | I95: 현대해상 | J95: L02142675023 | K95: 2021.08.24 | L95: 2604832649 | M95: 하태영 | N95: 053-640-4764 | S95: 2026.04.20 | T95: 2026.04.20 | U95: 입원 | W95: 완료 | X95: =COUNTIF('간병인배정'!$B:$B,$A95) -> 1 | Y95: =SUMIF('간병비지급'!$B:$B,$A95,'간병비지급'!$I:$I) -> 405000 | Z95: =COUNTIF('보험청구'!$B:$B,$A95) -> 1 | AA95: =COUNTIFS('보험청구'!$B:$B,$A95,'보험청구'!$J:$J,"미확인") -> 0 | AB95: =SUMIF('보험청구'!$B:$B,$A95,'보험청구'!$I:$I) -> 387000 | AC95: =SUMIF('보험청구'!$B:$B,$A95,'보험청구'!$L:$L) -> 0 | AD95: 46132 | AE95: 46135 | AF95: =IF($AE95="","",$AJ$1-$AE95) -> 148 | AG95: =IF(OR($W95="서비스 취소",$W95="서비스취소",$W95="미해당",$W95="예정",$W95=""),"제외",IF(AND($W95="완료",$Z95=0),"미청구(완료·무청구)",IF(AND($W95="진행중",$Z95=0,$AD95<>"",$AJ$1-$AD95>=10),"미청구(청구시작안됨)",IF(AND($W95="진행중",$Z95>0,$AJ$1-$AE95>=10),"미청구(청구지연)","정상")))) -> 정상
A96: C0098 | B96: 김태자 | C96: 여 | D96: 19560301 | E96: 010-8756-3981 | F96: 경기도 | G96: 화성시 | H96: 희망찬병원 (병점) | I96: 현대해상 | J96: L02232262697 | K96: 2022.07.18 | L96: 2604851116 | M96: 김지훈 | N96: 051-602-5721 | S96: 2026.04.20 | T96: 2026.04.21 | U96: 입원 | V96: 7일 | W96: 완료 | X96: =COUNTIF('간병인배정'!$B:$B,$A96) -> 1 | Y96: =SUMIF('간병비지급'!$B:$B,$A96,'간병비지급'!$I:$I) -> 945000 | Z96: =COUNTIF('보험청구'!$B:$B,$A96) -> 1 | AA96: =COUNTIFS('보험청구'!$B:$B,$A96,'보험청구'!$J:$J,"미확인") -> 0 | AB96: =SUMIF('보험청구'!$B:$B,$A96,'보험청구'!$I:$I) -> 1008000 | AC96: =SUMIF('보험청구'!$B:$B,$A96,'보험청구'!$L:$L) -> 0 | AD96: 46133 | AE96: 46140 | AF96: =IF($AE96="","",$AJ$1-$AE96) -> 143 | AG96: =IF(OR($W96="서비스 취소",$W96="서비스취소",$W96="미해당",$W96="예정",$W96=""),"제외",IF(AND($W96="완료",$Z96=0),"미청구(완료·무청구)",IF(AND($W96="진행중",$Z96=0,$AD96<>"",$AJ$1-$AD96>=10),"미청구(청구시작안됨)",IF(AND($W96="진행중",$Z96>0,$AJ$1-$AE96>=10),"미청구(청구지연)","정상")))) -> 정상
A97: C0099 | B97: 하덕임 | C97: 여 | D97: 19490429 | E97: 010-6620-1715 | F97: 광주광역시 | G97: 남구 | H97: 말바우재활의학과의원 | I97: 현대해상 | J97: L02154171808 | K97: 2021.10.20 | L97: 2604969062 | N97: 02-2181-2529 | S97: 2026.04.22 | T97: 2026.04.25 | U97: 입원 | V97: 4~5일 | W97: 완료 | X97: =COUNTIF('간병인배정'!$B:$B,$A97) -> 1 | Y97: =SUMIF('간병비지급'!$B:$B,$A97,'간병비지급'!$I:$I) -> 2210000 | Z97: =COUNTIF('보험청구'!$B:$B,$A97) -> 2 | AA97: =COUNTIFS('보험청구'!$B:$B,$A97,'보험청구'!$J:$J,"미확인") -> 0 | AB97: =SUMIF('보험청구'!$B:$B,$A97,'보험청구'!$I:$I) -> 2448000 | AC97: =SUMIF('보험청구'!$B:$B,$A97,'보험청구'!$L:$L) -> 0 | AD97: 46137 | AE97: 46153 | AF97: =IF($AE97="","",$AJ$1-$AE97) -> 130 | AG97: =IF(OR($W97="서비스 취소",$W97="서비스취소",$W97="미해당",$W97="예정",$W97=""),"제외",IF(AND($W97="완료",$Z97=0),"미청구(완료·무청구)",IF(AND($W97="진행중",$Z97=0,$AD97<>"",$AJ$1-$AD97>=10),"미청구(청구시작안됨)",IF(AND($W97="진행중",$Z97>0,$AJ$1-$AE97>=10),"미청구(청구지연)","정상")))) -> 정상
A98: C0100 | B98: 문영해 | C98: 남 | D98: 19510329 | E98: 010-4418-8877 | F98: 경기도 | G98: 안산시 | H98: 근로복지공단 안산병원 | I98: 현대해상 | J98: L02214695150 | K98: 2022.04.01 | L98: 2604925911 | M98: 김지은 | N98: 062-602-3903 | S98: 2026.04.22 | T98: 2026.04.22 | U98: 입원 | W98: 완료 | X98: =COUNTIF('간병인배정'!$B:$B,$A98) -> 1 | Y98: =SUMIF('간병비지급'!$B:$B,$A98,'간병비지급'!$I:$I) -> 17298000 | Z98: =COUNTIF('보험청구'!$B:$B,$A98) -> 13 | AA98: =COUNTIFS('보험청구'!$B:$B,$A98,'보험청구'!$J:$J,"미확인") -> 0 | AB98: =SUMIF('보험청구'!$B:$B,$A98,'보험청구'!$I:$I) -> 17856000 | AC98: 1440000 | AD98: 46135 | AE98: 46254 | AF98: 119 | AG98: =IF(OR($W98="서비스 취소",$W98="서비스취소",$W98="미해당",$W98="예정",$W98=""),"제외",IF(AND($W98="완료",$Z98=0),"미청구(완료·무청구)",IF(AND($W98="진행중",$Z98=0,$AD98<>"",$AJ$1-$AD98>=10),"미청구(청구시작안됨)",IF(AND($W98="진행중",$Z98>0,$AJ$1-$AE98>=10),"미청구(청구지연)","정상")))) -> 정상 | AH98: 05.10 기준 정산 & 05.31기준 정산 요청/8월10까지입금완료 /케어진행중
A99: C0101 | B99: 이정완 | C99: 남 | D99: 19531012 | E99: 010-4518-8778 | F99: 전북특별자치도 | G99: 전주시 | H99: 대자인병원 (전주) | I99: 현대해상 | J99: L02325598208 | K99: 2023.05.24 | L99: 2604955772 | M99: 이민희 | N99: 02-2181-2302 | S99: 2026.04.23 | U99: 입원 | W99: 완료 | X99: =COUNTIF('간병인배정'!$B:$B,$A99) -> 1 | Y99: =SUMIF('간병비지급'!$B:$B,$A99,'간병비지급'!$I:$I) -> 1400000 | Z99: =COUNTIF('보험청구'!$B:$B,$A99) -> 1 | AA99: =COUNTIFS('보험청구'!$B:$B,$A99,'보험청구'!$J:$J,"미확인") -> 0 | AB99: =SUMIF('보험청구'!$B:$B,$A99,'보험청구'!$I:$I) -> 700000 | AC99: =SUMIF('보험청구'!$B:$B,$A99,'보험청구'!$L:$L) -> 0 | AD99: 46136 | AE99: 46141 | AF99: =IF($AE99="","",$AJ$1-$AE99) -> 142 | AG99: =IF(OR($W99="서비스 취소",$W99="서비스취소",$W99="미해당",$W99="예정",$W99=""),"제외",IF(AND($W99="완료",$Z99=0),"미청구(완료·무청구)",IF(AND($W99="진행중",$Z99=0,$AD99<>"",$AJ$1-$AD99>=10),"미청구(청구시작안됨)",IF(AND($W99="진행중",$Z99>0,$AJ$1-$AE99>=10),"미청구(청구지연)","정상")))) -> 정상
A100: C0102 | B100: 이정완 | C100: 남 | D100: 19531012 | E100: 010-4518-8778 | F100: 전북특별자치도 | G100: 전주시 | H100: 대자인병원 (전주) | I100: 현대해상 | J100: L02325598208 | K100: 2023.05.24 | L100: 2604955772 | M100: 이민희 | N100: 02-2181-2302 | S100: 2026.04.23 | U100: 입원 | W100: 완료 | X100: =COUNTIF('간병인배정'!$B:$B,$A100) -> 1 | Y100: =SUMIF('간병비지급'!$B:$B,$A100,'간병비지급'!$I:$I) -> 980000 | Z100: =COUNTIF('보험청구'!$B:$B,$A100) -> 1 | AA100: =COUNTIFS('보험청구'!$B:$B,$A100,'보험청구'!$J:$J,"미확인") -> 0 | AB100: =SUMIF('보험청구'!$B:$B,$A100,'보험청구'!$I:$I) -> 1540000 | AC100: =SUMIF('보험청구'!$B:$B,$A100,'보험청구'!$L:$L) -> 0 | AD100: 46146 | AE100: 46152 | AF100: =IF($AE100="","",$AJ$1-$AE100) -> 131 | AG100: =IF(OR($W100="서비스 취소",$W100="서비스취소",$W100="미해당",$W100="예정",$W100=""),"제외",IF(AND($W100="완료",$Z100=0),"미청구(완료·무청구)",IF(AND($W100="진행중",$Z100=0,$AD100<>"",$AJ$1-$AD100>=10),"미청구(청구시작안됨)",IF(AND($W100="진행중",$Z100>0,$AJ$1-$AE100>=10),"미청구(청구지연)","정상")))) -> 정상
...

Sheet 간병비지급
A1: ㄹ | B1: 신청ID | C1: 고객명 | D1: 간병인명 | E1: 회차 | F1: 기준일시 | G1: 일수 | H1: 일급 | I1: 지급액 | J1: 지급여부 | K1: 비고
A2: P0001 | B2: C0006 | C2: {=IFERROR(INDEX('간병신청대장'!$B:$B,MATCH($B2,'간병신청대장'!$A:$A,0)),"")} -> 엄정현 | D2: 황지원 | E2: 7월 3차 | F2: 2026.07.24 | G2: 4 | H2: 80000 | I2: 320000 | J2: 지급
A3: P0002 | B3: C0012 | C3: {=IFERROR(INDEX('간병신청대장'!$B:$B,MATCH($B3,'간병신청대장'!$A:$A,0)),"")} -> 성정주 | D3: 이숙자 | E3: 4월 1차 | F3: 2026.04.10 16:00 | G3: 9 | H3: 135000 | I3: 1215000 | J3: 지급
A4: P0003 | B4: C0012 | C4: {=IFERROR(INDEX('간병신청대장'!$B:$B,MATCH($B4,'간병신청대장'!$A:$A,0)),"")} -> 성정주 | D4: 이숙자 | E4: 4월 2차 | F4: 2026.04.20 16:00 | G4: 10 | H4: 135000 | I4: 1350000 | J4: 지급
A5: P0004 | B5: C0012 | C5: {=IFERROR(INDEX('간병신청대장'!$B:$B,MATCH($B5,'간병신청대장'!$A:$A,0)),"")} -> 성정주 | D5: 이숙자 | E5: 4월 3차 | F5: 2026.04.30 16:00 | G5: 10 | H5: 135000 | I5: 1350000 | J5: 지급
A6: P0005 | B6: C0012 | C6: {=IFERROR(INDEX('간병신청대장'!$B:$B,MATCH($B6,'간병신청대장'!$A:$A,0)),"")} -> 성정주 | D6: 이숙자 | E6: 5월 1차 | F6: 2026.05.10 16:00 | G6: 10 | H6: 135000 | I6: 1350000 | J6: 지급
A7: P0006 | B7: C0012 | C7: {=IFERROR(INDEX('간병신청대장'!$B:$B,MATCH($B7,'간병신청대장'!$A:$A,0)),"")} -> 성정주 | D7: 이숙자 | E7: 5월 2차 | F7: 2026.05.20 16:00 | G7: 10 | H7: 135000 | I7: 1350000 | J7: 지급
A8: P0007 | B8: C0012 | C8: {=IFERROR(INDEX('간병신청대장'!$B:$B,MATCH($B8,'간병신청대장'!$A:$A,0)),"")} -> 성정주 | D8: 이숙자 | E8: 5월 3차 | F8: 2026.05.31 16:00 | G8: 11 | H8: 135000 | I8: 1485000 | J8: 지급
A9: P0008 | B9: C0012 | C9: {=IFERROR(INDEX('간병신청대장'!$B:$B,MATCH($B9,'간병신청대장'!$A:$A,0)),"")} -> 성정주 | D9: 이숙자 | E9: 6월 1차 | F9: 2026.06.10 16:00 | G9: 10 | H9: 135000 | I9: 1350000 | J9: 지급
A10: P0009 | B10: C0012 | C10: {=IFERROR(INDEX('간병신청대장'!$B:$B,MATCH($B10,'간병신청대장'!$A:$A,0)),"")} -> 성정주 | D10: 이숙자 | E10: 6월 2차 | F10: 2026.06.13 10:00 | G10: 3 | H10: 135000 | I10: 405000 | J10: 지급
A11: P0010 | B11: C0013 | C11: {=IFERROR(INDEX('간병신청대장'!$B:$B,MATCH($B11,'간병신청대장'!$A:$A,0)),"")} -> 김순년 | D11: 차영옥 | E11: 4월 1차 | F11: 2026.04.04 12:00 | G11: 3 | H11: 130000 | I11: 390000 | J11: 지급
A12: P0013 | B12: C0014 | C12: {=IFERROR(INDEX('간병신청대장'!$B:$B,MATCH($B12,'간병신청대장'!$A:$A,0)),"")} -> 차정옥 | D12: 김혜진 | E12: 4월 1차 | F12: 2026.04.10 06:40 | G12: 9 | H12: 130000 | I12: 1170000 | J12: 지급
A13: P0014 | B13: C0014 | C13: {=IFERROR(INDEX('간병신청대장'!$B:$B,MATCH($B13,'간병신청대장'!$A:$A,0)),"")} -> 차정옥 | D13: 김혜진 | E13: 4월 2차 | F13: 2026.04.20 06:40 | G13: 10 | H13: 130000 | I13: 1300000 | J13: 지급
... A77: P0102 | B77: C0043 | C77: {=IFERROR(INDEX('간병신청대장'!$B:$B,MATCH($B77,'간병신청대장'!$A:$A,0)),"")} -> 신용찬 | D77: 이옥선 | E77: 4월 3차 | F77: 2026.04.29 | G77: 9 | H77: 160000 | I77: 1440000 | J77: 지급
A78: P0104 | B78: C0044 | C78: {=IFERROR(INDEX('간병신청대장'!$B:$B,MATCH($B78,'간병신청대장'!$A:$A,0)),"")} -> 오죽삼 | D78: 이경순 | E78: 4월 1차 | F78: 2026.04.01 19:30 | G78: 0.35 | I78: 35000 | J78: 지급
A79: P0107 | B79: C0045 | C79: {=IFERROR(INDEX('간병신청대장'!$B:$B,MATCH($B79,'간병신청대장'!$A:$A,0)),"")} -> 오죽삼 | D79: 김향자 | E79: 4월 1차 | F79: 2026.04.10 15:30 | G79: 8 | H79: 135000 | I79: 1080000 | J79: 지급
A80: P0110 | B80: C0046 | C80: {=IFERROR(INDEX('간병신청대장'!$B:$B,MATCH($B80,'간병신청대장'!$A:$A,0)),"")} -> 박영희 | D80: 양미옥 | E80: 4월 1차 | F80: 2026.04.06 19:00 | G80: 5 | H80: 130000 | I80: 650000 | J80: 지급
A81: P0113 | B81: C0047 | C81: {=IFERROR(INDEX('간병신청대장'!$B:$B,MATCH($B81,'간병신청대장'!$A:$A,0)),"")} -> 조하랑 | D81: 최정은 | E81: 4월 1차 | F81: 2026.04.03 12:00 | G81: 2 | H81: 140000 | I81: 280000 | J81: 지급
A82: P0116 | B82: C0048 | C82: {=IFERROR(INDEX('간병신청대장'!$B:$B,MATCH($B82,'간병신청대장'!$A:$A,0)),"")} -> 조하륜 | D82: 강은선 | E82: 4월 1차 | F82: 2026.04.03 12:00 | G82: 2 | H82: 140000 | I82: 280000 | J82: 지급
A83: P0121 | B83: C0050 | C83: {=IFERROR(INDEX('간병신청대장'!$B:$B,MATCH($B83,'간병신청대장'!$A:$A,0)),"")} -> 전영수 | D83: 김학수 | E83: 4월 2차 | F83: 2026.04.17 12:00 | G83: 16 | H83: 135000 | I83: 2160000 | J83: 지급
A84: P0123 | B84: C0051 | C84: {=IFERROR(INDEX('간병신청대장'!$B:$B,MATCH($B84,'간병신청대장'!$A:$A,0)),"")} -> 고봉석 | D84: 배호숙 | E84: 4월 1차 | F84: 2026.04.03 12:00 | G84: 2 | H84: 140000 | I84: 280000 | J84: 지급
A85: P0126 | B85: C0052 | C85: {=IFERROR(INDEX('간병신청대장'!$B:$B,MATCH($B85,'간병신청대장'!$A:$A,0)),"")} -> 김명수 | D85: 어윤옥 | E85: 4월 1차 | F85: 2026.04.08 14:00 | G85: 7 | H85: 135000 | I85: 945000 | J85: 지급
A86: P0130 | B86: C0053 | C86: {=IFERROR(INDEX('간병신청대장'!$B:$B,MATCH($B86,'간병신청대장'!$A:$A,0)),"")} -> 김명수 | D86: 김기숙 | E86: 4월 2차 | F86: 2026.04.14 14:00 | G86: 6 | H86: 135000 | I86: 810000 | J86: 지급
A87: P0132 | B87: C0054 | C87: {=IFERROR(INDEX('간병신청대장'!$B:$B,MATCH($B87,'간병신청대장'!$A:$A,0)),"")} -> 김명수 | D87: 이영숙 | E87: 4월 2차 | F87: 2026.04.20 15:00 | G87: 6 | H87: 135000 | I87: 810000 | J87: 지급
A88: P0133 | B88: C0054 | C88: {=IFERROR(INDEX('간병신청대장'!$B:$B,MATCH($B88,'간병신청대장'!$A:$A,0)),"")} -> 김명수 | D88: 이영숙 | E88: 4월 3차 | F88: 2026.04.30 | G88: 10 | H88: 135000 | I88: 1350000 | J88: 지급
A89: P0135 | B89: C0055 | C89: {=IFERROR(INDEX('간병신청대장'!$B:$B,MATCH($B89,'간병신청대장'!$A:$A,0)),"")} -> 김명수 | D89: 이영숙 | E89: 5월 1차 | F89: 2026.05.10 24:00 | G89: 10 | H89: 135000 | I89: 1350000 | J89: 지급
A90: P0136 | B90: C0055 | C90: {=IFERROR(INDEX('간병신청대장'!$B:$B,MATCH($B90,'간병신청대장'!$A:$A,0)),"")} -> 김명수 | D90: 이영숙 | E90: 5월 2차 | F90: 2026.05.16 13:30 | G90: 6 | H90: 135000 | I90: 810000 | J90: 지급
... A112: P0161 | B112: C0060 | C112: {=IFERROR(INDEX('간병신청대장'!$B:$B,MATCH($B112,'간병신청대장'!$A:$A,0)),"")} -> 이지연 | D112: 최승순 | E112: 4월 2차 | F112: 2026.04.16 14:00 | G112: 6 | H112: 138000 | I112: 828000 | J112: 지급
A113: P0163 | B113: C0061 | C113: {=IFERROR(INDEX('간병신청대장'!$B:$B,MATCH($B113,'간병신청대장'!$A:$A,0)),"")} -> 고원석 | D113: 이서야 | E113: 4월 1차 | F113: 2026.04.02 18:00 | G113: 7 | I113: 1070000 | J113: 지급
A114: P0168 | B114: C0063 | C114: {=IFERROR(INDEX('간병신청대장'!$B:$B,MATCH($B114,'간병신청대장'!$A:$A,0)),"")} -> 조용운 | D114: 유효례 | E114: 4월 1차 | F114: 2026.04.09 18:00 | G114: 4 | H114: 135000 | I114: 540000 | J114: 지급
A115: P0171 | B115: C0064 | C115: {=IFERROR(INDEX('간병신청대장'!$B:$B,MATCH($B115,'간병신청대장'!$A:$A,0)),"")} -> 조용운 | D115: 이혜숙 | E115: 4월 1차 | F115: 2026.04.10 15:00 | G115: 1 | H115: 135000 | I115: 135000 | J115: 지급
A116: P0174 | B116: C0065 | C116: {=IFERROR(INDEX('간병신청대장'!$B:$B,MATCH($B116,'간병신청대장'!$A:$A,0)),"")} -> 조용운 | D116: 오혜숙 | E116: 4월 2차 | F116: 2026.04.20 15:00 | G116: 10 | H116: 135000 | I116: 1350000 | J116: 지급
A117: P0180 | B117: C0067 | C117: {=IFERROR(INDEX('간병신청대장'!$B:$B,MATCH($B117,'간병신청대장'!$A:$A,0)),"")} -> 조용운 | D117: 오혜숙 | E117: 4월 3차 | F117: 2026.04.29 11:00 | G117: 9 | H117: 135000 | I117: 1215000 | J117: 지급
A118: P0183 | B118: C0068 | C118: {=IFERROR(INDEX('간병신청대장'!$B:$B,MATCH($B118,'간병신청대장'!$A:$A,0)),"")} -> 조용운 | D118: 서향숙 | E118: 4월 3차 | F118: 2026.04.30 11:00 | G118: 1 | H118: 135000 | I118: 135000 | J118: 지급
A119: P0184 | B119: C0068 | C119: {=IFERROR(INDEX('간병신청대장'!$B:$B,MATCH($B119,'간병신청대장'!$A:$A,0)),"")} -> 조용운 | D119: 서향숙 | E119: 5월 1차 | F119: 2026.05.09 10:00 | G119: 9 | H119: 135000 | I119: 1215000 | J119: 지급
A120: P0190 | B120: C0071 | C120: {=IFERROR(INDEX('간병신청대장'!$B:$B,MATCH($B120,'간병신청대장'!$A:$A,0)),"")} -> 김용신 | D120: 최명자 | E120: 4월 1차 | F120: 2026.04.09 19:00 | G120: 7 | H120: 135000 | I120: 945000 | J120: 지급
A121: P0193 | B121: C0072 | C121: {=IFERROR(INDEX('간병신청대장'!$B:$B,MATCH($B121,'간병신청대장'!$A:$A,0)),"")} -> 김용신 | D121: 전호철 | E121: 4월 1차 | F121: 2026.04.12 19:00 | G121: 3 | H121: 135000 | I121: 405000 | J121: 지급
A122: P0194 | B122: C0072 | C122: {=IFERROR(INDEX('간병신청대장'!$B:$B,MATCH($B122,'간병신청대장'!$A:$A,0)),"")} -> 김용신 | D122: 전호철 | E122: 4월 2차 | F122: 2026.04.16 17:00 | G122: 4 | H122: 135000 | I122: 540000 | J122: 지급
A123: P0196 | B123: C0073 | C123: {=IFERROR(INDEX('간병신청대장'!$B:$B,MATCH($B123,'간병신청대장'!$A:$A,0)),"")} -> 김용신 | D123: 조일용 | E123: 5월 1차 | F123: 2026.05.11 11:00 | G123: 6 | H123: 135000 | I123: 810000 | J123: 지급
A124: P0199 | B124: C0074 | C124: {=IFERROR(INDEX('간병신청대장'!$B:$B,MATCH($B124,'간병신청대장'!$A:$A,0)),"")} -> 김용신 | D124: 김련순 | E124: 5월 3차 | F124: 2026.05.22 11:00 | G124: 11 | H124: 135000 | I124: 1485000 | J124: 지급
A125: P0200 | B125: C0075 | C125: {=IFERROR(INDEX('간병신청대장'!$B:$B,MATCH($B125,'간병신청대장'!$A:$A,0)),"")} -> 김리아 | D125: 장인덕 | E125: 4월 2차 | F125: 2026.04.06 10:00 | G125: 3 | H125: 130000 | I125: 390000 | J125: 지급
... A346: P0465 | B346: C0202 | C346: {=IFERROR(INDEX('간병신청대장'!$B:$B,MATCH($B346,'간병신청대장'!$A:$A,0)),"")} -> 구상순 | D346: 서진숙 | E346: 7월 2차 | F346: 2026.07.16 14:00 | G346: 4 | H346: 150000 | I346: 600000 | J346: 지급
A347: P0466 | B347: C0203 | C347: {=IFERROR(INDEX('간병신청대장'!$B:$B,MATCH($B347,'간병신청대장'!$A:$A,0)),"")} -> 박옥순 | D347: 이태길 | E347: 7월 2차 | F347: 2026.07.16 09:00 | G347: 7 | H347: 130000 | I347: =G347*H347 -> 910000 | J347: 지급 | K347: 농협/60101452092379 이태길
A348: P0468 | B348: C0205 | C348: {=IFERROR(INDEX('간병신청대장'!$B:$B,MATCH($B348,'간병신청대장'!$A:$A,0)),"")} -> 이춘남 | D348: 이복희 | E348: 7월 2차 | F348: 2026.07.17 10:00 | G348: 2 | H348: 140000 | I348: 280000 | J348: 지급
A349: P0469 | B349: C0207 | C349: {=IFERROR(INDEX('간병신청대장'!$B:$B,MATCH($B349,'간병신청대장'!$A:$A,0)),"")} -> 윤광자 | D349: 김금녀 | E349: 7월 3차 | F349: 2026.07.01 08:30 | G349: 10 | H349: 140000 | I349: 1400000 | J349: 지급
A350: P0470 | B350: C0207 | C350: {=IFERROR(INDEX('간병신청대장'!$B:$B,MATCH($B350,'간병신청대장'!$A:$A,0)),"")} -> 윤광자 | D350: 김금녀 | E350: 8월 1차 | F350: 2026.08.10 08:30 | G350: 10 | H350: 140000 | I350: 1400000 | J350: 지급
A351: P0471 | B351: C0207 | C351: {=IFERROR(INDEX('간병신청대장'!$B:$B,MATCH($B351,'간병신청대장'!$A:$A,0)),"")} -> 윤광자 | D351: 김금녀 | E351: 8월 2차 | F351: 2026.08.13 08:30 | G351: 3 | H351: 140000 | I351: 420000 | J351: 지급
A352: P0472 | B352: C0208 | C352: {=IFERROR(INDEX('간병신청대장'!$B:$B,MATCH($B352,'간병신청대장'!$A:$A,0)),"")} -> 이춘애 | D352: 신수복 | E352: 8월 1차 | F352: 2026.08.04 14:00 | G352: 14 | H352: 150000 | I352: 2100000 | J352: 지급
A353: P0473 | B353: C0209 | C353: {=IFERROR(INDEX('간병신청대장'!$B:$B,MATCH($B353,'간병신청대장'!$A:$A,0)),"")} -> 윤경자 | D353: 이영숙 | E353: 7월 3차 | F353: 2026.07.31 | G353: 9 | H353: 72000 | I353: 648000 | J353: 지급
A354: P0474 | B354: C0210 | C354: {=IFERROR(INDEX('간병신청대장'!$B:$B,MATCH($B354,'간병신청대장'!$A:$A,0)),"")} -> 박정란 | D354: 정남숙 | E354: 7월 2차 | F354: 2026.07.21 16:00 | G354: 1 | H354: 140000 | I354: 140000 | J354: 지급
A355: P0475 | B355: C0211 | C355: {=IFERROR(INDEX('간병신청대장'!$B:$B,MATCH($B355,'간병신청대장'!$A:$A,0)),"")} -> 박정란 | D355: 한복선 | E355: 7월 3차 | F355: 2026.07.31 16:00 | G355: 10 | H355: 140000 | I355: 1400000 | J355: 지급
A356: P0476 | B356: C0211 | C356: {=IFERROR(INDEX('간병신청대장'!$B:$B,MATCH($B356,'간병신청대장'!$A:$A,0)),"")} -> 박정란 | D356: 한복선 | E356: 8월 1차 | F356: 2026.08.10 16:00 | G356: 10 | H356: 140000 | I356: 1400000 | J356: 지급
A357: P0477 | B357: C0212 | C357: {=IFERROR(INDEX('간병신청대장'!$B:$B,MATCH($B357,'간병신청대장'!$A:$A,0)),"")} -> 나도선 | D357: 심봉화 | E357: 7월 3차 | F357: 2026.07.20 21:00 | G357: 4 | H357: 140000 | I357: 560000 | J357: 지급
A358: P0478 | B358: C0213 | C358: {=IFERROR(INDEX('간병신청대장'!$B:$B,MATCH($B358,'간병신청대장'!$A:$A,0)),"")} -> 나도선 | D358: 강형률 | E358: 7월 3차 | F358: 2026.07.31 15:00 | G358: 10 | H358: 140000 | I358: 1400000 | J358: 지급
A359: P0479 | B359: C0213 | C359: {=IFERROR(INDEX('간병신청대장'!$B:$B,MATCH($B359,'간병신청대장'!$A:$A,0)),"")} -> 나도선 | D359: 강형률 | E359: 8월 1차 | F359: 2026.08.10 15:00 | G359: 10 | H359: 140000 | I359: 1400000 | J359: 지급
... A371: P0492 | B371: C0229 | C371: {=IFERROR(INDEX('간병신청대장'!$B:$B,MATCH($B371,'간병신청대장'!$A:$A,0)),"")} -> 고경진 | D371: 양희원 | E371: 8월 1차 | F371: 2026.08.05 13:00 | G371: 5 | H371: 140000 | I371: 700000 | J371: 지급
A372: P0493 | B372: C0230 | C372: 김진숙 | D372: 김수정 | E372: 8월 1차 | F372: 2026.08.11 24:00 | G372: 6 | H372: 100000 | I372: 600000 | J372: 지급 | K372: 50031402358987우체국/김진숙환자지급계좌
A373: P0494 | B373: C0231 | C373: {=IFERROR(INDEX('간병신청대장'!$B:$B,MATCH($B373,'간병신청대장'!$A:$A,0)),"")} -> 곽상헌 | D373: 정맹구 | E373: 8월 1차 | F373: 2026.08.10 24:00 | G373: 4 | H373: 130000 | I373: 520000 | J373: 지급
A374: P0495 | B374: C0233 | C374: {=IFERROR(INDEX('간병신청대장'!$B:$B,MATCH($B374,'간병신청대장'!$A:$A,0)),"")} -> 설아림 | D374: 박정선 | E374: 8월 1차 | F374: 2026.08.10 17:00 | G374: 4 | H374: 135000 | I374: 540000 | J374: 지급
A375: P0496 | B375: C0234 | C375: {=IFERROR(INDEX('간병신청대장'!$B:$B,MATCH($B375,'간병신청대장'!$A:$A,0)),"")} -> 장옥영 | D375: 김연주 | E375: 8월 2차 | F375: 2026.08.14 14:00 | G375: 5 | H375: 130000 | I375: 650000 | J375: 지급
A376: P0497 | B376: C0239 | C376: {=IFERROR(INDEX('간병신청대장'!$B:$B,MATCH($B376,'간병신청대장'!$A:$A,0)),"")} -> 이기흥 | D376: 박금옥 | E376: 8월 2차 | F376: 2026.08.20 14:00 | G376: 9 | H376: 140000 | I376: =G376*H376 -> 1260000 | J376: 지급
A377: P0498 | B377: C0233 | C377: {=IFERROR(INDEX('간병신청대장'!$B:$B,MATCH($B377,'간병신청대장'!$A:$A,0)),"")} -> 설아림 | D377: 박정선 | E377: 8월 2차 | F377: 2026.08.14 | G377: 4 | H377: 135000 | I377: =G377*H377 -> 540000 | J377: 지급
A378: P0499 | B378: C0233 | C378: {=IFERROR(INDEX('간병신청대장'!$B:$B,MATCH($B378,'간병신청대장'!$A:$A,0)),"")} -> 설아림 | D378: 박정선 | E378: 8월 2차 | F378: 2026.08.18 | G378: 4 | H378: 135000 | I378: =G378*H378 -> 540000 | J378: 지급
A379: P0500 | B379: C0244 | C379: 원용연 | D379: 박영민 | E379: 8월 2차 | F379: 2026.08.18 | G379: 4 | H379: 160000 | I379: =G379*H379 -> 640000 | J379: 지급
A380: P0501 | B380: C0083 | C380: 최경희 | D380: 최공주 | E380: 8월 2차 | F380: 2026.08.20 | G380: 8 | H380: 150000 | I380: =G380*H380 -> 1200000 | J380: 지급
A381: P0502 | B381: C0017 | C381: {=IFERROR(INDEX('간병신청대장'!$B:$B,MATCH($B381,'간병신청대장'!$A:$A,0)),"")} -> 심윤주 | D381: 안연희 | E381: 8월 2차 | F381: 2026.08.19 | G381: 10 | H381: 130000 | I381: =G381*H381 -> 1300000 | J381: 지급
A382: P0503 | B382: C0088 | C382: {=IFERROR(INDEX('간병신청대장'!$B:$B,MATCH($B382,'간병신청대장'!$A:$A,0)),"")} -> 지영희 | D382: 신금자 | E382: 8월 2차 | F382: 2026.08.20 | G382: 10 | H382: 135000 | I382: =G382*H382 -> 1350000 | J382: 지급
A383: P0504 | B383: C0227 | C383: {=IFERROR(INDEX('간병신청대장'!$B:$B,MATCH($B383,'간병신청대장'!$A:$A,0)),"")} -> 송영경 | D383: 박찬녀 | E383: 8월 2차 | F383: 2026.08.20 | G383: 10 | H383: 135000 | I383: =G383*H383 -> 1350000 | J383: 지급
A384: P0505 | B384: C0100 | C384: {=IFERROR(INDEX('간병신청대장'!$B:$B,MATCH($B384,'간병신청대장'!$A:$A,0)),"")} -> 문영해 | D384: 곽련화 | E384: 8월 2차 | F384: 2026.08.20 | G384: 10 | H384: 139500 | I384: =G384*H384 -> 1395000 | J384: 지급
A385: P0506 | B385: C0117 | C385: {=IFERROR(INDEX('간병신청대장'!$B:$B,MATCH($B385,'간병신청대장'!$A:$A,0)),"")} -> 김국선 | D385: 주순복 | E385: 8월 2차 | F385: 2026.08.20 | G385: 10 | H385: 140000 | I385: =G385*H385 -> 1400000 | J385: 지급
A386: P0507 | B386: C0110 | C386: 구성란 | D386: 김경미 | E386: 8월 2차 | F386: 2026.08.20 | G386: 10 | H386: 135000 | I386: =G386*H386 -> 1350000 | J386: 지급
A387: P0508 | B387: C0127 | C387: {=IFERROR(INDEX('간병신청대장'!$B:$B,MATCH($B387,'간병신청대장'!$A:$A,0)),"")} -> 이재철 | D387: 고영만 | E387: 8월 2차 | F387: 2026.08.20 | G387: 10 | H387: 140000 | I387: =G387*H387 -> 1400000 | J387: 지급
A388: P0509 | B388: C0152 | C388: {=IFERROR(INDEX('간병신청대장'!$B:$B,MATCH($B388,'간병신청대장'!$A:$A,0)),"")} -> 이향주 | D388: 현문숙 | E388: 8월 2차 | F388: 2026.08.20 | G388: 8 | H388: 130000 | I388: =G388*H388 -> 1040000 | J388: 지급
A389: P0510 | B389: C0166 | C389: {=IFERROR(INDEX('간병신청대장'!$B:$B,MATCH($B389,'간병신청대장'!$A:$A,0)),"")} -> 유수분 | D389: 장금애 | E389: 8월 2차 | F389: 2026.08.20 | G389: 10 | H389: 130000 | I389: =G389*H389 -> 1300000 | J389: 지급
A390: P0511 | B390: C0185 | C390: {=IFERROR(INDEX('간병신청대장'!$B:$B,MATCH($B390,'간병신청대장'!$A:$A,0)),"")} -> 김용식 | D390: 신계숙 | E390: 8월 2차 | F390: 2026.08.20 | G390: 10 | H390: 140000 | I390: =G390*H390 -> 1400000 | J390: 지급
A391: P0512 | B391: C0198 | C391: {=IFERROR(INDEX('간병인배정'!$C:$C,MATCH($B391,'간병인배정'!$B:$B,0)),"")} -> 유승백 | D391: {=IFERROR(INDEX('간병인배정'!$D:$D,MATCH($B391,'간병인배정'!$B:$B,0)),"")} -> 김경숙 | E391: 8월 2차 | F391: 2026.08.20 | G391: 10 | H391: 135000 | I391: =G391*H391 -> 1350000 | J391: 지급
A392: P0513 | B392: C0201 | C392: {=IFERROR(INDEX('간병인배정'!$C:$C,MATCH($B392,'간병인배정'!$B:$B,0)),"")} -> 김철재 | D392: {=IFERROR(INDEX('간병인배정'!$D:$D,MATCH($B392,'간병인배정'!$B:$B,0)),"")} -> 이성옥 | E392: 8월 2차 | F392: 2026.08.19 | G392: 10 | H392: 130000 | I392: =G392*H392 -> 1300000 | J392: 지급
A393: P0514 | B393: C0236 | C393: {=IFERROR(INDEX('간병인배정'!$C:$C,MATCH($B393,'간병인배정'!$B:$B,0)),"")} -> 정대석 | D393: {=IFERROR(INDEX('간병인배정'!$D:$D,MATCH($B393,'간병인배정'!$B:$B,0)),"")} -> 방여숙 | E393: 8월 2차 | F393: {=IFERROR(INDEX('간병인배정'!$M:$M,MATCH($B393,'간병인배정'!$B:$B,0)),"")} -> 2026.08.19.10:40 | G393: 12 | H393: 135000 | I393: =G393*H393 -> 1620000 | J393: 지급
A394: P0515 | B394: C0187 | C394: {=IFERROR(INDEX('간병인배정'!$C:$C,MATCH($B394,'간병인배정'!$B:$B,0)),"")} -> 홍정숙 | D394: {=IFERROR(INDEX('간병인배정'!$D:$D,MATCH($B394,'간병인배정'!$B:$B,0)),"")} -> 홍묘숙 | E394: 8월 2차 | F394: 2026.08.20 | G394: 10 | H394: 145000 | I394: =G394*H394 -> 1450000 | J394: 지급
A395: P0516 | B395: C0240 | C395: {=IFERROR(INDEX('간병인배정'!$C:$C,MATCH($B395,'간병인배정'!$B:$B,0)),"")} -> 강종미 | D395: {=IFERROR(INDEX('간병인배정'!$D:$D,MATCH($B395,'간병인배정'!$B:$B,0)),"")} -> 김대영 | E395: 8월 2차 | F395: 2026.08.20 | G395: 9 | H395: 130000 | I395: =G395*H395 -> 1170000 | J395: 지급
A396: P0517 | B396: C0001 | C396: {=IFERROR(INDEX('간병인배정'!$C:$C,MATCH($B396,'간병인배정'!$B:$B,0)),"")} -> 김옥경 | D396: {=IFERROR(INDEX('간병인배정'!$D:$D,MATCH($B396,'간병인배정'!$B:$B,0)),"")} -> 박선득 | E396: 11월 2차 | F396: {=IFERROR(INDEX('간병인배정'!$M:$M,MATCH($B396,'간병인배정'!$B:$B,0)),"")} -> 2025.11.12 16:00 | G396: 2 | H396: 92000 | I396: =G396*H396 -> 184000 | J396: 지급
A397: P0518 | B397: C0002 | C397: {=IFERROR(INDEX('간병인배정'!$C:$C,MATCH($B397,'간병인배정'!$B:$B,0)),"")} -> 박지원 | D397: {=IFERROR(INDEX('간병인배정'!$D:$D,MATCH($B397,'간병인배정'!$B:$B,0)),"")} -> 신현정 | E397: 12월 4차 | F397: {=IFERROR(INDEX('간병인배정'!$M:$M,MATCH($B397,'간병인배정'!$B:$B,0)),"")} -> 2025.12.30 16:00 | G397: 8 | H397: 80000 | I397: =G397*H397 -> 640000 | J397: 지급
A398: P0519 | B398: C0009 | C398: {=IFERROR(INDEX('간병인배정'!$C:$C,MATCH($B398,'간병인배정'!$B:$B,0)),"")} -> 이윤진 | D398: {=IFERROR(INDEX('간병인배정'!$D:$D,MATCH($B398,'간병인배정'!$B:$B,0)),"")} -> 신현정 | E398: 1월 4차 | F398: {=IFERROR(INDEX('간병인배정'!$M:$M,MATCH($B398,'간병인배정'!$B:$B,0)),"")} -> 2026.01.31 16:00 | G398: 3 | H398: 80000 | I398: =G398*H398 -> 240000 | J398: 지급
A399: P0520 | B399: C0243 | C399: {=IFERROR(INDEX('간병인배정'!$C:$C,MATCH($B399,'간병인배정'!$B:$B,0)),"")} -> 이원주 | D399: {=IFERROR(INDEX('간병인배정'!$D:$D,MATCH($B399,'간병인배정'!$B:$B,0)),"")} -> 서동화 | E399: 8월 2차 | F399: {=IFERROR(INDEX('간병인배정'!$M:$M,MATCH($B399,'간병인배정'!$B:$B,0)),"")} -> 2026.08.21 17:00 | G399: 3 | H399: 140000 | I399: =G399*H399 -> 420000 | J399: 지급
A400: P0521 | B400: C0238 | C400: {=IFERROR(INDEX('간병인배정'!$C:$C,MATCH($B400,'간병인배정'!$B:$B,0)),"")} -> 곽은정 | D400: {=IFERROR(INDEX('간병인배정'!$D:$D,MATCH($B400,'간병인배정'!$B:$B,0)),"")} -> 박제아 | E400: 8월 2차 | F400: {=IFERROR(INDEX('간병인배정'!$M:$M,MATCH($B400,'간병인배정'!$B:$B,0)),"")} -> 2026.08.19 18:00 | G400: 7 | H400: 80000 | I400: =G400*H400 -> 560000 | J400: 지급
A401: P0522 | B401: C0246 | C401: {=IFERROR(INDEX('간병신청대장'!$B:$B,MATCH($B401,'간병신청대장'!$A:$A,0)),"")} -> 김홍철 | D401: 이영원 | E401: 8월 2차 | F401: 2026.08.22 18:00 | G401: 2 | H401: 135000 | I401: =G401*H401 -> 270000 | J401: 지급
A402: P0523 | B402: C0110 | C402: {=IFERROR(INDEX('간병신청대장'!$B:$B,MATCH($B402,'간병신청대장'!$A:$A,0)),"")} -> 구성란 | D402: 김경미 | E402: 8월 2차 | F402: 2026.08.24 16:00 | G402: 4 | H402: 135000 | I402: =G402*H402 -> 540000 | J402: 지급
A403: P0524 | B403: C0017 | C403: {=IFERROR(INDEX('간병신청대장'!$B:$B,MATCH($B403,'간병신청대장'!$A:$A,0)),"")} -> 심윤주 | D403: 안연희 | E403: 8월 2차 | F403: 2026.08.23 11:00 | G403: 3 | H403: 130000 | I403: =G403*H403 -> 390000 | J403: 지급
A404: P0525 | B404: C0249 | C404: 박노진 | D404: 송금화 | E404: 8월 2차 | F404: 2026.08.21 | G404: 2 | H404: 140000 | I404: =G404*H404 -> 280000 | J404: 지급
A405: P0526 | B405: C0220 | C405: {=IFERROR(INDEX('간병신청대장'!$B:$B,MATCH($B405,'간병신청대장'!$A:$A,0)),"")} -> 안운자 | D405: 손명자 | E405: 8월 2차 | F405: 2026.08.21 | G405: 11 | H405: 130000 | I405: =G405*H405 -> 1430000 | J405: 지급
A406: P0527 | B406: C0236 | C406: {=IFERROR(INDEX('간병인배정'!$C:$C,MATCH($B406,'간병인배정'!$B:$B,0)),"")} -> 정대석 | D406: {=IFERROR(INDEX('간병인배정'!$D:$D,MATCH($B406,'간병인배정'!$B:$B,0)),"")} -> 방여숙 | E406: 8월 2차 | F406: {=IFERROR(INDEX('간병인배정'!$M:$M,MATCH($B406,'간병인배정'!$B:$B,0)),"")} -> 2026.08.19.10:40 | G406: 1 | H406: 70000 | I406: =G406*H406 -> 70000 | J406: 지급
A407: P0528 | B407: C0183 | C407: {=IFERROR(INDEX('간병신청대장'!$B:$B,MATCH($B407,'간병신청대장'!$A:$A,0)),"")} -> 하성임 | D407: 김광숙 | E407: 8월 2차 | F407: 2026.08.12 | G407: 8 | H407: 75000 | I407: =G407*H407 -> 600000 | J407: 지급
A408: P0529 | B408: C0040 | C408: {=IFERROR(INDEX('간병신청대장'!$B:$B,MATCH($B408,'간병신청대장'!$A:$A,0)),"")} -> 전남영 | D408: 이송자 | E408: 8월 2차 | F408: 2026.08.20 | G408: 8 | H408: 140000 | I408: =G408*H408 -> 1120000 | J408: 지급
A409: P0530 | B409: C0246 | C409: 김홍철 | D409: 이영범 | E409: 8월 2차 | F409: 2026.08.25 17:00 | G409: 3 | H409: 135000 | I409: =G409*H409 -> 405000 | J409: 지급
A410: P0531 | B410: C0232 | C410: {=IFERROR(INDEX('간병신청대장'!$B:$B,MATCH($B410,'간병신청대장'!$A:$A,0)),"")} -> 곽상헌 | D410: 김동심 | E410: 8월 2차 | F410: 2026.08.25.11:00 | G410: 14 | H410: 130000 | I410: =G410*H410 -> 1820000 | J410: 지급
A411: P0532 | B411: C0185 | C411: {=IFERROR(INDEX('간병신청대장'!$B:$B,MATCH($B411,'간병신청대장'!$A:$A,0)),"")} -> 김용식 | D411: 신계숙 | E411: 8월 2차 | F411: 2026.08.26 12:00 | G411: 6 | H411: 140000 | I411: =G411*H411 -> 840000 | J411: 지급
A412: P0533 | B412: C0214 | C412: {=IFERROR(INDEX('간병신청대장'!$B:$B,MATCH($B412,'간병신청대장'!$A:$A,0)),"")} -> 임형순 | D412: 황지원 | E412: 7월 4차 | F412: {=IFERROR(INDEX('간병인배정'!$M:$M,MATCH($B412,'간병인배정'!$B:$B,0)),"")} -> 2026.07.31 11:00 | G412: 5 | H412: 80000 | I412: =G412*H412 -> 400000 | J412: 지급
A413: P0534 | B413: C0206 | C413: {=IFERROR(INDEX('간병신청대장'!$B:$B,MATCH($B413,'간병신청대장'!$A:$A,0)),"")} -> 최영자 | D413: 최수완 | E413: 7월 4차 | F413: {=IFERROR(INDEX('간병인배정'!$M:$M,MATCH($B413,'간병인배정'!$B:$B,0)),"")} | G413: 6 | H413: 80000 | I413: =G413*H413 -> 480000 | J413: 지급
A414: P0535 | B414: C0213 | C414: {=IFERROR(INDEX('간병신청대장'!$B:$B,MATCH($B414,'간병신청대장'!$A:$A,0)),"")} -> 나도선 | D414: 강형률 | E414: 8월 2차 | F414: 2026.08.22 11:00 | G414: 12 | H414: 140000 | I414: =G414*H414 -> 1680000 | J414: 지급
A415: P0536 | B415: C0244 | C415: {=IFERROR(INDEX('간병신청대장'!$B:$B,MATCH($B415,'간병신청대장'!$A:$A,0)),"")} -> 원용연 | D415: 문세정 | E415: 8월 2차 | F415: 2026.08.24 11:30 | G415: 6 | H415: 160000 | I415: =G415*H415 -> 960000 | J415: 지급
...
